INSERT INTO teritory (id_ter, id_ter_parent, naim_ter, pr_ter, rub_terit) VALUES (0, 0, 'Неизвестно', 1, '');
INSERT INTO teritory (id_ter, id_ter_parent, naim_ter, pr_ter, rub_terit) VALUES (1, 0, 'Россия', 1, '01');
INSERT INTO teritory (id_ter, id_ter_parent, naim_ter, pr_ter, rub_terit) VALUES (2, 1, 'Центральный регион', 2, '0101');
INSERT INTO teritory (id_ter, id_ter_parent, naim_ter, pr_ter, rub_terit) VALUES (3, 2, 'Московская обл.', 3, '010101');
INSERT INTO teritory (id_ter, id_ter_parent, naim_ter, pr_ter, rub_terit) VALUES (4, 2, 'Москва', 4, '010102');
INSERT INTO teritory (id_ter, id_ter_parent, naim_ter, pr_ter, rub_terit) VALUES (5, 2, 'Ленинградская обл.', 3, '010103');
INSERT INTO teritory (id_ter, id_ter_parent, naim_ter, pr_ter, rub_terit) VALUES (6, 5, 'Выборг', 4, '01010301');
INSERT INTO teritory (id_ter, id_ter_parent, naim_ter, pr_ter, rub_terit) VALUES (7, 1, 'Южный регион', 2, '0102');
INSERT INTO teritory (id_ter, id_ter_parent, naim_ter, pr_ter, rub_terit) VALUES (8, 7, 'Нижегородская обл.', 3, '010201');
INSERT INTO teritory (id_ter, id_ter_parent, naim_ter, pr_ter, rub_terit) VALUES (9, 8, 'Н. Новгород', 4, '01020101');
INSERT INTO teritory (id_ter, id_ter_parent, naim_ter, pr_ter, rub_terit) VALUES (10, 0, 'Германия', 1, '02');
INSERT INTO teritory (id_ter, id_ter_parent, naim_ter, pr_ter, rub_terit) VALUES (11, 0, 'Южная корея', 1, '03');
INSERT INTO teritory (id_ter, id_ter_parent, naim_ter, pr_ter, rub_terit) VALUES (12, 0, 'Япония', 1, '04');
INSERT INTO teritory (id_ter, id_ter_parent, naim_ter, pr_ter, rub_terit) VALUES (14, 3, 'Мытищи', 4, '01010101');

INSERT INTO type_subdiv (id_type_subdiv, naim_type_subdiv) VALUES (0, 'Неизвестно');
INSERT INTO type_subdiv (id_type_subdiv, naim_type_subdiv) VALUES (1, 'Дирекция');
INSERT INTO type_subdiv (id_type_subdiv, naim_type_subdiv) VALUES (2, 'Отдел');
INSERT INTO type_subdiv (id_type_subdiv, naim_type_subdiv) VALUES (3, 'Секция');

INSERT INTO store (id_store, id_ter, naim_store) VALUES (0, 0, 'Неизвестно');
INSERT INTO store (id_store, id_ter, naim_store) VALUES (1, 14, 'ТехноМощь');
INSERT INTO store (id_store, id_ter, naim_store) VALUES (2, 6, 'ТехноВещь');
INSERT INTO store (id_store, id_ter, naim_store) VALUES (3, 9, 'ТехноПиск');

INSERT INTO type_wares (id_type_wares, id_type_wares_parent, naim_type_wares, rub_type_wares) VALUES (0, 0, 'Неизвестно', '');
INSERT INTO type_wares (id_type_wares, id_type_wares_parent, naim_type_wares, rub_type_wares) VALUES (1, 0, 'Бытовая техника', '01');
INSERT INTO type_wares (id_type_wares, id_type_wares_parent, naim_type_wares, rub_type_wares) VALUES (2, 1, 'Крупная быт. техника', '0101');
INSERT INTO type_wares (id_type_wares, id_type_wares_parent, naim_type_wares, rub_type_wares) VALUES (3, 2, 'Холодильники', '010101');
INSERT INTO type_wares (id_type_wares, id_type_wares_parent, naim_type_wares, rub_type_wares) VALUES (4, 2, 'Телевизоры', '010102');
INSERT INTO type_wares (id_type_wares, id_type_wares_parent, naim_type_wares, rub_type_wares) VALUES (5, 2, 'Стиральные машины', '010103');
INSERT INTO type_wares (id_type_wares, id_type_wares_parent, naim_type_wares, rub_type_wares) VALUES (6, 1, 'Мелкая быт. техника', '0102');
INSERT INTO type_wares (id_type_wares, id_type_wares_parent, naim_type_wares, rub_type_wares) VALUES (7, 6, 'Утюги', '010201');
INSERT INTO type_wares (id_type_wares, id_type_wares_parent, naim_type_wares, rub_type_wares) VALUES (8, 6, 'Соковыжималки', '010202');
INSERT INTO type_wares (id_type_wares, id_type_wares_parent, naim_type_wares, rub_type_wares) VALUES (9, 0, 'Компьютерная техника', '02');
INSERT INTO type_wares (id_type_wares, id_type_wares_parent, naim_type_wares, rub_type_wares) VALUES (10, 9, 'Компьютеры', '0201');
INSERT INTO type_wares (id_type_wares, id_type_wares_parent, naim_type_wares, rub_type_wares) VALUES (12, 9, 'Периферия', '0202');
INSERT INTO type_wares (id_type_wares, id_type_wares_parent, naim_type_wares, rub_type_wares) VALUES (14, 12, 'Принтеры', '020201');
INSERT INTO type_wares (id_type_wares, id_type_wares_parent, naim_type_wares, rub_type_wares) VALUES (15, 12, 'Сканеры', '020202');

INSERT INTO subdivision (id_subdiv, id_store, id_subdiv_parent, naim_subdiv, id_type_subdiv, id_type_wares, rub_subdiv) VALUES (0, 0, 0, 'Неизвестно', 0, 0, '');
INSERT INTO subdivision (id_subdiv, id_store, id_subdiv_parent, naim_subdiv, id_type_subdiv, id_type_wares, rub_subdiv) VALUES (9, 1, 0, 'Дирекция', 1, 0, '01');
INSERT INTO subdivision (id_subdiv, id_store, id_subdiv_parent, naim_subdiv, id_type_subdiv, id_type_wares, rub_subdiv) VALUES (10, 2, 0, 'Дирекция', 1, 0, '02');
INSERT INTO subdivision (id_subdiv, id_store, id_subdiv_parent, naim_subdiv, id_type_subdiv, id_type_wares, rub_subdiv) VALUES (11, 3, 0, 'Дирекция', 1, 0, '03');
INSERT INTO subdivision (id_subdiv, id_store, id_subdiv_parent, naim_subdiv, id_type_subdiv, id_type_wares, rub_subdiv) VALUES (1, 1, 9, 'Отдел бытовой техники', 2, 1, '0101');
INSERT INTO subdivision (id_subdiv, id_store, id_subdiv_parent, naim_subdiv, id_type_subdiv, id_type_wares, rub_subdiv) VALUES (2, 1, 9, 'Отдел компьютерной техники', 2, 9, '0102');
INSERT INTO subdivision (id_subdiv, id_store, id_subdiv_parent, naim_subdiv, id_type_subdiv, id_type_wares, rub_subdiv) VALUES (3, 1, 1, 'Секция крупной быт.техники', 3, 2, '010101');
INSERT INTO subdivision (id_subdiv, id_store, id_subdiv_parent, naim_subdiv, id_type_subdiv, id_type_wares, rub_subdiv) VALUES (4, 1, 1, 'Секция мелкой быт.техники', 3, 6, '010102');
INSERT INTO subdivision (id_subdiv, id_store, id_subdiv_parent, naim_subdiv, id_type_subdiv, id_type_wares, rub_subdiv) VALUES (5, 2, 10, 'Отдел бытовой техники', 2, 1, '0201');
INSERT INTO subdivision (id_subdiv, id_store, id_subdiv_parent, naim_subdiv, id_type_subdiv, id_type_wares, rub_subdiv) VALUES (6, 2, 10, 'Отдел компьютерной техники', 2, 9, '0202');
INSERT INTO subdivision (id_subdiv, id_store, id_subdiv_parent, naim_subdiv, id_type_subdiv, id_type_wares, rub_subdiv) VALUES (7, 3, 11, 'Отдел бытовой техники', 2, 1, '0301');
INSERT INTO subdivision (id_subdiv, id_store, id_subdiv_parent, naim_subdiv, id_type_subdiv, id_type_wares, rub_subdiv) VALUES (8, 3, 11, 'Отдел компьютерной техники', 2, 9, '0302');

INSERT INTO employee (id_employee, id_subdiv, full_name, pr_sex, emp_type, date_born) VALUES (105, 9, 'Persona105 P.', 'MAN', 2, '1960-06-09');
INSERT INTO employee (id_employee, id_subdiv, full_name, pr_sex, emp_type, date_born) VALUES (106, 10, 'Persona106 P.', 'WOMAN', 2, '1962-12-02');
INSERT INTO employee (id_employee, id_subdiv, full_name, pr_sex, emp_type, date_born) VALUES (107, 11, 'Persona107 P.', 'WOMAN', 2, '1971-08-25');
INSERT INTO employee (id_employee, id_subdiv, full_name, pr_sex, emp_type, date_born) VALUES (108, 1, 'Persona108 P.', 'MAN', 2, '1967-02-05');
INSERT INTO employee (id_employee, id_subdiv, full_name, pr_sex, emp_type, date_born) VALUES (109, 2, 'Persona109 P.', 'WOMAN', 2, '1970-01-03');
INSERT INTO employee (id_employee, id_subdiv, full_name, pr_sex, emp_type, date_born) VALUES (110, 3, 'Persona110 P.', 'MAN', 2, '1964-10-30');
INSERT INTO employee (id_employee, id_subdiv, full_name, pr_sex, emp_type, date_born) VALUES (111, 4, 'Persona111 P.', 'MAN', 2, '1967-08-31');
INSERT INTO employee (id_employee, id_subdiv, full_name, pr_sex, emp_type, date_born) VALUES (112, 5, 'Persona112 P.', 'MAN', 2, '1972-11-24');
INSERT INTO employee (id_employee, id_subdiv, full_name, pr_sex, emp_type, date_born) VALUES (113, 6, 'Persona113 P.', 'MAN', 2, '1961-02-27');
INSERT INTO employee (id_employee, id_subdiv, full_name, pr_sex, emp_type, date_born) VALUES (114, 7, 'Persona114 P.', 'MAN', 2, '1968-05-06');
INSERT INTO employee (id_employee, id_subdiv, full_name, pr_sex, emp_type, date_born) VALUES (115, 8, 'Persona115 P.', 'WOMAN', 2, '1961-02-15');
INSERT INTO employee (id_employee, id_subdiv, full_name, pr_sex, emp_type, date_born) VALUES (116, 9, 'Persona116 P.', 'MAN', 1, '1974-07-31');
INSERT INTO employee (id_employee, id_subdiv, full_name, pr_sex, emp_type, date_born) VALUES (117, 10, 'Persona117 P.', 'WOMAN', 1, '1970-07-19');
INSERT INTO employee (id_employee, id_subdiv, full_name, pr_sex, emp_type, date_born) VALUES (118, 11, 'Persona118 P.', 'MAN', 1, '1974-06-26');
INSERT INTO employee (id_employee, id_subdiv, full_name, pr_sex, emp_type, date_born) VALUES (119, 1, 'Persona119 P.', 'WOMAN', 1, '1970-08-25');
INSERT INTO employee (id_employee, id_subdiv, full_name, pr_sex, emp_type, date_born) VALUES (120, 2, 'Persona120 P.', 'WOMAN', 0, '1972-01-24');
INSERT INTO employee (id_employee, id_subdiv, full_name, pr_sex, emp_type, date_born) VALUES (121, 3, 'Persona121 P.', 'MAN', 0, '1973-05-25');
INSERT INTO employee (id_employee, id_subdiv, full_name, pr_sex, emp_type, date_born) VALUES (122, 4, 'Persona122 P.', 'WOMAN', 0, '1971-03-04');
INSERT INTO employee (id_employee, id_subdiv, full_name, pr_sex, emp_type, date_born) VALUES (123, 5, 'Persona123 P.', 'MAN', 0, '1971-10-20');
INSERT INTO employee (id_employee, id_subdiv, full_name, pr_sex, emp_type, date_born) VALUES (124, 6, 'Persona124 P.', 'MAN', 0, '1970-08-30');
INSERT INTO employee (id_employee, id_subdiv, full_name, pr_sex, emp_type, date_born) VALUES (125, 7, 'Persona125 P.', 'MAN', 0, '1970-09-15');
INSERT INTO employee (id_employee, id_subdiv, full_name, pr_sex, emp_type, date_born) VALUES (126, 8, 'Persona126 P.', 'WOMAN', 0, '1972-03-09');
INSERT INTO employee (id_employee, id_subdiv, full_name, pr_sex, emp_type, date_born) VALUES (127, 2, 'Persona127 P.', 'MAN', 0, '1970-06-27');
INSERT INTO employee (id_employee, id_subdiv, full_name, pr_sex, emp_type, date_born) VALUES (128, 3, 'Persona128 P.', 'WOMAN', 0, '1970-03-07');
INSERT INTO employee (id_employee, id_subdiv, full_name, pr_sex, emp_type, date_born) VALUES (129, 4, 'Persona129 P.', 'WOMAN', 0, '1971-06-13');
INSERT INTO employee (id_employee, id_subdiv, full_name, pr_sex, emp_type, date_born) VALUES (130, 5, 'Persona130 P.', 'MAN', 0, '1971-05-10');
INSERT INTO employee (id_employee, id_subdiv, full_name, pr_sex, emp_type, date_born) VALUES (131, 6, 'Persona131 P.', 'WOMAN', 0, '1973-06-09');
INSERT INTO employee (id_employee, id_subdiv, full_name, pr_sex, emp_type, date_born) VALUES (132, 7, 'Persona132 P.', 'MAN', 0, '1973-04-13');
INSERT INTO employee (id_employee, id_subdiv, full_name, pr_sex, emp_type, date_born) VALUES (133, 8, 'Persona133 P.', 'MAN', 0, '1974-09-09');
INSERT INTO employee (id_employee, id_subdiv, full_name, pr_sex, emp_type, date_born) VALUES (134, 2, 'Persona134 P.', 'WOMAN', 0, '1974-04-15');
INSERT INTO employee (id_employee, id_subdiv, full_name, pr_sex, emp_type, date_born) VALUES (135, 3, 'Persona135 P.', 'WOMAN', 0, '1974-12-29');
INSERT INTO employee (id_employee, id_subdiv, full_name, pr_sex, emp_type, date_born) VALUES (136, 4, 'Persona136 P.', 'WOMAN', 0, '1974-09-12');
INSERT INTO employee (id_employee, id_subdiv, full_name, pr_sex, emp_type, date_born) VALUES (137, 5, 'Persona137 P.', 'WOMAN', 0, '1972-10-25');
INSERT INTO employee (id_employee, id_subdiv, full_name, pr_sex, emp_type, date_born) VALUES (138, 6, 'Persona138 P.', 'MAN', 0, '1970-07-18');
INSERT INTO employee (id_employee, id_subdiv, full_name, pr_sex, emp_type, date_born) VALUES (139, 7, 'Persona139 P.', 'WOMAN', 0, '1971-07-30');
INSERT INTO employee (id_employee, id_subdiv, full_name, pr_sex, emp_type, date_born) VALUES (140, 8, 'Persona140 P.', 'WOMAN', 0, '1970-02-06');
INSERT INTO employee (id_employee, id_subdiv, full_name, pr_sex, emp_type, date_born) VALUES (141, 2, 'Persona141 P.', 'MAN', 0, '1971-07-15');
INSERT INTO employee (id_employee, id_subdiv, full_name, pr_sex, emp_type, date_born) VALUES (142, 3, 'Persona142 P.', 'WOMAN', 0, '1973-03-29');
INSERT INTO employee (id_employee, id_subdiv, full_name, pr_sex, emp_type, date_born) VALUES (143, 4, 'Persona143 P.', 'MAN', 0, '1973-11-01');
INSERT INTO employee (id_employee, id_subdiv, full_name, pr_sex, emp_type, date_born) VALUES (144, 5, 'Persona144 P.', 'MAN', 0, '1970-09-13');
INSERT INTO employee (id_employee, id_subdiv, full_name, pr_sex, emp_type, date_born) VALUES (145, 6, 'Persona145 P.', 'WOMAN', 0, '1971-12-14');
INSERT INTO employee (id_employee, id_subdiv, full_name, pr_sex, emp_type, date_born) VALUES (146, 7, 'Persona146 P.', 'WOMAN', 0, '1970-09-16');
INSERT INTO employee (id_employee, id_subdiv, full_name, pr_sex, emp_type, date_born) VALUES (147, 8, 'Persona147 P.', 'MAN', 0, '1973-12-24');
INSERT INTO employee (id_employee, id_subdiv, full_name, pr_sex, emp_type, date_born) VALUES (148, 2, 'Persona148 P.', 'WOMAN', 0, '1972-05-29');
INSERT INTO employee (id_employee, id_subdiv, full_name, pr_sex, emp_type, date_born) VALUES (149, 3, 'Persona149 P.', 'WOMAN', 0, '1972-09-11');
INSERT INTO employee (id_employee, id_subdiv, full_name, pr_sex, emp_type, date_born) VALUES (150, 4, 'Persona150 P.', 'WOMAN', 0, '1970-06-17');
INSERT INTO employee (id_employee, id_subdiv, full_name, pr_sex, emp_type, date_born) VALUES (151, 5, 'Persona151 P.', 'WOMAN', 0, '1972-02-29');
INSERT INTO employee (id_employee, id_subdiv, full_name, pr_sex, emp_type, date_born) VALUES (152, 6, 'Persona152 P.', 'MAN', 0, '1970-10-07');
INSERT INTO employee (id_employee, id_subdiv, full_name, pr_sex, emp_type, date_born) VALUES (153, 7, 'Persona153 P.', 'WOMAN', 0, '1971-07-25');
INSERT INTO employee (id_employee, id_subdiv, full_name, pr_sex, emp_type, date_born) VALUES (154, 8, 'Persona154 P.', 'MAN', 0, '1971-08-20');
INSERT INTO employee (id_employee, id_subdiv, full_name, pr_sex, emp_type, date_born) VALUES (155, 2, 'Persona155 P.', 'WOMAN', 0, '1974-01-26');
INSERT INTO employee (id_employee, id_subdiv, full_name, pr_sex, emp_type, date_born) VALUES (156, 3, 'Persona156 P.', 'MAN', 0, '1973-05-23');
INSERT INTO employee (id_employee, id_subdiv, full_name, pr_sex, emp_type, date_born) VALUES (157, 4, 'Persona157 P.', 'MAN', 0, '1972-12-01');
INSERT INTO employee (id_employee, id_subdiv, full_name, pr_sex, emp_type, date_born) VALUES (158, 6, 'Persona158 P.', 'WOMAN', 0, '1973-01-03');
INSERT INTO employee (id_employee, id_subdiv, full_name, pr_sex, emp_type, date_born) VALUES (159, 4, 'Persona159 P.', 'WOMAN', 0, '1971-05-16');
INSERT INTO employee (id_employee, id_subdiv, full_name, pr_sex, emp_type, date_born) VALUES (160, 6, 'Persona160 P.', 'WOMAN', 0, '1972-11-22');

INSERT INTO vendor (id_vendor, id_ter, naim_vendor) VALUES (1, 10, 'Bosh');
INSERT INTO vendor (id_vendor, id_ter, naim_vendor) VALUES (2, 10, 'Rowenta');
INSERT INTO vendor (id_vendor, id_ter, naim_vendor) VALUES (3, 10, 'AEG');
INSERT INTO vendor (id_vendor, id_ter, naim_vendor) VALUES (4, 11, 'Samsung');
INSERT INTO vendor (id_vendor, id_ter, naim_vendor) VALUES (5, 11, 'LG');
INSERT INTO vendor (id_vendor, id_ter, naim_vendor) VALUES (6, 11, 'Daewoo');
INSERT INTO vendor (id_vendor, id_ter, naim_vendor) VALUES (7, 12, 'Sony');
INSERT INTO vendor (id_vendor, id_ter, naim_vendor) VALUES (8, 12, 'Panasonic');

INSERT INTO wares (id_wares, id_vendor, id_type_wares, naim_wares, price_wares) VALUES (522, 1, 3, '', 5000);
INSERT INTO wares (id_wares, id_vendor, id_type_wares, naim_wares, price_wares) VALUES (523, 2, 3, '', 14200);
INSERT INTO wares (id_wares, id_vendor, id_type_wares, naim_wares, price_wares) VALUES (524, 3, 3, '', 10100);
INSERT INTO wares (id_wares, id_vendor, id_type_wares, naim_wares, price_wares) VALUES (525, 4, 3, '', 11000);
INSERT INTO wares (id_wares, id_vendor, id_type_wares, naim_wares, price_wares) VALUES (526, 5, 3, '', 8400);
INSERT INTO wares (id_wares, id_vendor, id_type_wares, naim_wares, price_wares) VALUES (527, 6, 3, '', 14100);
INSERT INTO wares (id_wares, id_vendor, id_type_wares, naim_wares, price_wares) VALUES (528, 7, 3, '', 3800);
INSERT INTO wares (id_wares, id_vendor, id_type_wares, naim_wares, price_wares) VALUES (529, 8, 3, '', 8500);
INSERT INTO wares (id_wares, id_vendor, id_type_wares, naim_wares, price_wares) VALUES (530, 1, 3, '', 9400);
INSERT INTO wares (id_wares, id_vendor, id_type_wares, naim_wares, price_wares) VALUES (531, 2, 3, '', 13100);
INSERT INTO wares (id_wares, id_vendor, id_type_wares, naim_wares, price_wares) VALUES (532, 3, 3, '', 9900);
INSERT INTO wares (id_wares, id_vendor, id_type_wares, naim_wares, price_wares) VALUES (533, 4, 3, '', 16300);
INSERT INTO wares (id_wares, id_vendor, id_type_wares, naim_wares, price_wares) VALUES (534, 5, 3, '', 3600);
INSERT INTO wares (id_wares, id_vendor, id_type_wares, naim_wares, price_wares) VALUES (535, 6, 3, '', 4900);
INSERT INTO wares (id_wares, id_vendor, id_type_wares, naim_wares, price_wares) VALUES (536, 7, 3, '', 2200);
INSERT INTO wares (id_wares, id_vendor, id_type_wares, naim_wares, price_wares) VALUES (537, 8, 3, '', 3400);
INSERT INTO wares (id_wares, id_vendor, id_type_wares, naim_wares, price_wares) VALUES (538, 1, 3, '', 10500);
INSERT INTO wares (id_wares, id_vendor, id_type_wares, naim_wares, price_wares) VALUES (539, 2, 3, '', 14600);
INSERT INTO wares (id_wares, id_vendor, id_type_wares, naim_wares, price_wares) VALUES (540, 3, 3, '', 7600);
INSERT INTO wares (id_wares, id_vendor, id_type_wares, naim_wares, price_wares) VALUES (541, 4, 3, '', 9200);
INSERT INTO wares (id_wares, id_vendor, id_type_wares, naim_wares, price_wares) VALUES (542, 5, 3, '', 5900);
INSERT INTO wares (id_wares, id_vendor, id_type_wares, naim_wares, price_wares) VALUES (543, 6, 3, '', 12900);
INSERT INTO wares (id_wares, id_vendor, id_type_wares, naim_wares, price_wares) VALUES (544, 7, 3, '', 12700);
INSERT INTO wares (id_wares, id_vendor, id_type_wares, naim_wares, price_wares) VALUES (545, 8, 3, '', 3100);
INSERT INTO wares (id_wares, id_vendor, id_type_wares, naim_wares, price_wares) VALUES (546, 1, 4, '', 7700);
INSERT INTO wares (id_wares, id_vendor, id_type_wares, naim_wares, price_wares) VALUES (547, 2, 4, '', 2700);
INSERT INTO wares (id_wares, id_vendor, id_type_wares, naim_wares, price_wares) VALUES (548, 3, 4, '', 2500);
INSERT INTO wares (id_wares, id_vendor, id_type_wares, naim_wares, price_wares) VALUES (549, 4, 4, '', 10000);
INSERT INTO wares (id_wares, id_vendor, id_type_wares, naim_wares, price_wares) VALUES (550, 5, 4, '', 8500);
INSERT INTO wares (id_wares, id_vendor, id_type_wares, naim_wares, price_wares) VALUES (551, 6, 4, '', 7200);
INSERT INTO wares (id_wares, id_vendor, id_type_wares, naim_wares, price_wares) VALUES (552, 7, 4, '', 10900);
INSERT INTO wares (id_wares, id_vendor, id_type_wares, naim_wares, price_wares) VALUES (553, 8, 4, '', 3000);
INSERT INTO wares (id_wares, id_vendor, id_type_wares, naim_wares, price_wares) VALUES (554, 1, 4, '', 16600);
INSERT INTO wares (id_wares, id_vendor, id_type_wares, naim_wares, price_wares) VALUES (555, 2, 4, '', 8400);
INSERT INTO wares (id_wares, id_vendor, id_type_wares, naim_wares, price_wares) VALUES (556, 3, 4, '', 7900);
INSERT INTO wares (id_wares, id_vendor, id_type_wares, naim_wares, price_wares) VALUES (557, 4, 4, '', 11900);
INSERT INTO wares (id_wares, id_vendor, id_type_wares, naim_wares, price_wares) VALUES (558, 5, 4, '', 10700);
INSERT INTO wares (id_wares, id_vendor, id_type_wares, naim_wares, price_wares) VALUES (559, 6, 4, '', 5100);
INSERT INTO wares (id_wares, id_vendor, id_type_wares, naim_wares, price_wares) VALUES (560, 7, 4, '', 8200);
INSERT INTO wares (id_wares, id_vendor, id_type_wares, naim_wares, price_wares) VALUES (561, 8, 4, '', 5400);
INSERT INTO wares (id_wares, id_vendor, id_type_wares, naim_wares, price_wares) VALUES (562, 1, 4, '', 8000);
INSERT INTO wares (id_wares, id_vendor, id_type_wares, naim_wares, price_wares) VALUES (563, 2, 4, '', 9500);
INSERT INTO wares (id_wares, id_vendor, id_type_wares, naim_wares, price_wares) VALUES (564, 3, 4, '', 3900);
INSERT INTO wares (id_wares, id_vendor, id_type_wares, naim_wares, price_wares) VALUES (565, 4, 4, '', 8900);
INSERT INTO wares (id_wares, id_vendor, id_type_wares, naim_wares, price_wares) VALUES (566, 5, 4, '', 4100);
INSERT INTO wares (id_wares, id_vendor, id_type_wares, naim_wares, price_wares) VALUES (567, 6, 4, '', 9500);
INSERT INTO wares (id_wares, id_vendor, id_type_wares, naim_wares, price_wares) VALUES (568, 7, 4, '', 8500);
INSERT INTO wares (id_wares, id_vendor, id_type_wares, naim_wares, price_wares) VALUES (569, 8, 4, '', 9600);
INSERT INTO wares (id_wares, id_vendor, id_type_wares, naim_wares, price_wares) VALUES (570, 1, 5, '', 13900);
INSERT INTO wares (id_wares, id_vendor, id_type_wares, naim_wares, price_wares) VALUES (571, 2, 5, '', 5900);
INSERT INTO wares (id_wares, id_vendor, id_type_wares, naim_wares, price_wares) VALUES (572, 3, 5, '', 15000);
INSERT INTO wares (id_wares, id_vendor, id_type_wares, naim_wares, price_wares) VALUES (573, 4, 5, '', 9900);
INSERT INTO wares (id_wares, id_vendor, id_type_wares, naim_wares, price_wares) VALUES (574, 5, 5, '', 5000);
INSERT INTO wares (id_wares, id_vendor, id_type_wares, naim_wares, price_wares) VALUES (575, 6, 5, '', 15500);
INSERT INTO wares (id_wares, id_vendor, id_type_wares, naim_wares, price_wares) VALUES (576, 7, 5, '', 11100);
INSERT INTO wares (id_wares, id_vendor, id_type_wares, naim_wares, price_wares) VALUES (577, 8, 5, '', 16300);
INSERT INTO wares (id_wares, id_vendor, id_type_wares, naim_wares, price_wares) VALUES (578, 1, 5, '', 13400);
INSERT INTO wares (id_wares, id_vendor, id_type_wares, naim_wares, price_wares) VALUES (579, 2, 5, '', 6500);
INSERT INTO wares (id_wares, id_vendor, id_type_wares, naim_wares, price_wares) VALUES (580, 3, 5, '', 14100);
INSERT INTO wares (id_wares, id_vendor, id_type_wares, naim_wares, price_wares) VALUES (581, 4, 5, '', 5500);
INSERT INTO wares (id_wares, id_vendor, id_type_wares, naim_wares, price_wares) VALUES (582, 5, 5, '', 6800);
INSERT INTO wares (id_wares, id_vendor, id_type_wares, naim_wares, price_wares) VALUES (583, 6, 5, '', 5400);
INSERT INTO wares (id_wares, id_vendor, id_type_wares, naim_wares, price_wares) VALUES (584, 7, 5, '', 11100);
INSERT INTO wares (id_wares, id_vendor, id_type_wares, naim_wares, price_wares) VALUES (585, 8, 5, '', 16500);
INSERT INTO wares (id_wares, id_vendor, id_type_wares, naim_wares, price_wares) VALUES (586, 1, 7, '', 9500);
INSERT INTO wares (id_wares, id_vendor, id_type_wares, naim_wares, price_wares) VALUES (587, 2, 7, '', 12100);
INSERT INTO wares (id_wares, id_vendor, id_type_wares, naim_wares, price_wares) VALUES (588, 3, 7, '', 3500);
INSERT INTO wares (id_wares, id_vendor, id_type_wares, naim_wares, price_wares) VALUES (589, 4, 7, '', 5900);
INSERT INTO wares (id_wares, id_vendor, id_type_wares, naim_wares, price_wares) VALUES (590, 5, 7, '', 9200);
INSERT INTO wares (id_wares, id_vendor, id_type_wares, naim_wares, price_wares) VALUES (591, 6, 7, '', 3600);
INSERT INTO wares (id_wares, id_vendor, id_type_wares, naim_wares, price_wares) VALUES (592, 7, 7, '', 8200);
INSERT INTO wares (id_wares, id_vendor, id_type_wares, naim_wares, price_wares) VALUES (593, 8, 7, '', 10600);
INSERT INTO wares (id_wares, id_vendor, id_type_wares, naim_wares, price_wares) VALUES (594, 1, 7, '', 17000);
INSERT INTO wares (id_wares, id_vendor, id_type_wares, naim_wares, price_wares) VALUES (595, 2, 7, '', 8700);
INSERT INTO wares (id_wares, id_vendor, id_type_wares, naim_wares, price_wares) VALUES (596, 3, 7, '', 12100);
INSERT INTO wares (id_wares, id_vendor, id_type_wares, naim_wares, price_wares) VALUES (597, 4, 7, '', 6200);
INSERT INTO wares (id_wares, id_vendor, id_type_wares, naim_wares, price_wares) VALUES (598, 5, 7, '', 3400);
INSERT INTO wares (id_wares, id_vendor, id_type_wares, naim_wares, price_wares) VALUES (599, 6, 7, '', 9900);
INSERT INTO wares (id_wares, id_vendor, id_type_wares, naim_wares, price_wares) VALUES (600, 7, 7, '', 8500);
INSERT INTO wares (id_wares, id_vendor, id_type_wares, naim_wares, price_wares) VALUES (601, 8, 7, '', 17000);
INSERT INTO wares (id_wares, id_vendor, id_type_wares, naim_wares, price_wares) VALUES (602, 1, 7, '', 12500);
INSERT INTO wares (id_wares, id_vendor, id_type_wares, naim_wares, price_wares) VALUES (603, 2, 7, '', 6600);
INSERT INTO wares (id_wares, id_vendor, id_type_wares, naim_wares, price_wares) VALUES (604, 3, 7, '', 14700);
INSERT INTO wares (id_wares, id_vendor, id_type_wares, naim_wares, price_wares) VALUES (605, 4, 7, '', 10700);
INSERT INTO wares (id_wares, id_vendor, id_type_wares, naim_wares, price_wares) VALUES (606, 5, 7, '', 3300);
INSERT INTO wares (id_wares, id_vendor, id_type_wares, naim_wares, price_wares) VALUES (607, 6, 7, '', 4600);
INSERT INTO wares (id_wares, id_vendor, id_type_wares, naim_wares, price_wares) VALUES (608, 7, 7, '', 4200);
INSERT INTO wares (id_wares, id_vendor, id_type_wares, naim_wares, price_wares) VALUES (609, 8, 7, '', 8600);
INSERT INTO wares (id_wares, id_vendor, id_type_wares, naim_wares, price_wares) VALUES (610, 1, 8, '', 14300);
INSERT INTO wares (id_wares, id_vendor, id_type_wares, naim_wares, price_wares) VALUES (611, 2, 8, '', 7900);
INSERT INTO wares (id_wares, id_vendor, id_type_wares, naim_wares, price_wares) VALUES (612, 3, 8, '', 5000);
INSERT INTO wares (id_wares, id_vendor, id_type_wares, naim_wares, price_wares) VALUES (613, 4, 8, '', 16200);
INSERT INTO wares (id_wares, id_vendor, id_type_wares, naim_wares, price_wares) VALUES (614, 5, 8, '', 14700);
INSERT INTO wares (id_wares, id_vendor, id_type_wares, naim_wares, price_wares) VALUES (615, 6, 8, '', 10400);
INSERT INTO wares (id_wares, id_vendor, id_type_wares, naim_wares, price_wares) VALUES (616, 7, 8, '', 8000);
INSERT INTO wares (id_wares, id_vendor, id_type_wares, naim_wares, price_wares) VALUES (617, 8, 8, '', 16100);
INSERT INTO wares (id_wares, id_vendor, id_type_wares, naim_wares, price_wares) VALUES (618, 1, 8, '', 15500);
INSERT INTO wares (id_wares, id_vendor, id_type_wares, naim_wares, price_wares) VALUES (619, 2, 8, '', 4800);
INSERT INTO wares (id_wares, id_vendor, id_type_wares, naim_wares, price_wares) VALUES (620, 3, 8, '', 13300);
INSERT INTO wares (id_wares, id_vendor, id_type_wares, naim_wares, price_wares) VALUES (621, 4, 8, '', 12200);
INSERT INTO wares (id_wares, id_vendor, id_type_wares, naim_wares, price_wares) VALUES (622, 5, 8, '', 16100);
INSERT INTO wares (id_wares, id_vendor, id_type_wares, naim_wares, price_wares) VALUES (623, 6, 8, '', 12500);
INSERT INTO wares (id_wares, id_vendor, id_type_wares, naim_wares, price_wares) VALUES (624, 7, 8, '', 6400);
INSERT INTO wares (id_wares, id_vendor, id_type_wares, naim_wares, price_wares) VALUES (625, 8, 8, '', 11300);
INSERT INTO wares (id_wares, id_vendor, id_type_wares, naim_wares, price_wares) VALUES (626, 1, 10, '', 9400);
INSERT INTO wares (id_wares, id_vendor, id_type_wares, naim_wares, price_wares) VALUES (627, 2, 10, '', 4400);
INSERT INTO wares (id_wares, id_vendor, id_type_wares, naim_wares, price_wares) VALUES (628, 3, 10, '', 12800);
INSERT INTO wares (id_wares, id_vendor, id_type_wares, naim_wares, price_wares) VALUES (629, 4, 10, '', 14800);
INSERT INTO wares (id_wares, id_vendor, id_type_wares, naim_wares, price_wares) VALUES (630, 5, 10, '', 15800);
INSERT INTO wares (id_wares, id_vendor, id_type_wares, naim_wares, price_wares) VALUES (631, 6, 10, '', 5700);
INSERT INTO wares (id_wares, id_vendor, id_type_wares, naim_wares, price_wares) VALUES (632, 7, 10, '', 14600);
INSERT INTO wares (id_wares, id_vendor, id_type_wares, naim_wares, price_wares) VALUES (633, 8, 10, '', 7000);
INSERT INTO wares (id_wares, id_vendor, id_type_wares, naim_wares, price_wares) VALUES (634, 1, 10, '', 11000);
INSERT INTO wares (id_wares, id_vendor, id_type_wares, naim_wares, price_wares) VALUES (635, 2, 10, '', 5200);
INSERT INTO wares (id_wares, id_vendor, id_type_wares, naim_wares, price_wares) VALUES (636, 3, 10, '', 14200);
INSERT INTO wares (id_wares, id_vendor, id_type_wares, naim_wares, price_wares) VALUES (637, 4, 10, '', 4100);
INSERT INTO wares (id_wares, id_vendor, id_type_wares, naim_wares, price_wares) VALUES (638, 5, 10, '', 12300);
INSERT INTO wares (id_wares, id_vendor, id_type_wares, naim_wares, price_wares) VALUES (639, 6, 10, '', 3000);
INSERT INTO wares (id_wares, id_vendor, id_type_wares, naim_wares, price_wares) VALUES (640, 7, 10, '', 14800);
INSERT INTO wares (id_wares, id_vendor, id_type_wares, naim_wares, price_wares) VALUES (641, 8, 10, '', 5100);
INSERT INTO wares (id_wares, id_vendor, id_type_wares, naim_wares, price_wares) VALUES (642, 1, 14, '', 5800);
INSERT INTO wares (id_wares, id_vendor, id_type_wares, naim_wares, price_wares) VALUES (643, 2, 14, '', 12700);
INSERT INTO wares (id_wares, id_vendor, id_type_wares, naim_wares, price_wares) VALUES (644, 3, 14, '', 4600);
INSERT INTO wares (id_wares, id_vendor, id_type_wares, naim_wares, price_wares) VALUES (645, 4, 14, '', 14500);
INSERT INTO wares (id_wares, id_vendor, id_type_wares, naim_wares, price_wares) VALUES (646, 5, 14, '', 16500);
INSERT INTO wares (id_wares, id_vendor, id_type_wares, naim_wares, price_wares) VALUES (647, 6, 14, '', 2600);
INSERT INTO wares (id_wares, id_vendor, id_type_wares, naim_wares, price_wares) VALUES (648, 7, 14, '', 4600);
INSERT INTO wares (id_wares, id_vendor, id_type_wares, naim_wares, price_wares) VALUES (649, 8, 14, '', 7500);
INSERT INTO wares (id_wares, id_vendor, id_type_wares, naim_wares, price_wares) VALUES (650, 1, 14, '', 2200);
INSERT INTO wares (id_wares, id_vendor, id_type_wares, naim_wares, price_wares) VALUES (651, 2, 14, '', 5900);
INSERT INTO wares (id_wares, id_vendor, id_type_wares, naim_wares, price_wares) VALUES (652, 3, 14, '', 7900);
INSERT INTO wares (id_wares, id_vendor, id_type_wares, naim_wares, price_wares) VALUES (653, 4, 14, '', 16700);
INSERT INTO wares (id_wares, id_vendor, id_type_wares, naim_wares, price_wares) VALUES (654, 5, 14, '', 15000);
INSERT INTO wares (id_wares, id_vendor, id_type_wares, naim_wares, price_wares) VALUES (655, 6, 14, '', 15400);
INSERT INTO wares (id_wares, id_vendor, id_type_wares, naim_wares, price_wares) VALUES (656, 7, 14, '', 16200);
INSERT INTO wares (id_wares, id_vendor, id_type_wares, naim_wares, price_wares) VALUES (657, 8, 14, '', 14700);
INSERT INTO wares (id_wares, id_vendor, id_type_wares, naim_wares, price_wares) VALUES (658, 1, 14, '', 2600);
INSERT INTO wares (id_wares, id_vendor, id_type_wares, naim_wares, price_wares) VALUES (659, 2, 14, '', 8700);
INSERT INTO wares (id_wares, id_vendor, id_type_wares, naim_wares, price_wares) VALUES (660, 3, 14, '', 13000);
INSERT INTO wares (id_wares, id_vendor, id_type_wares, naim_wares, price_wares) VALUES (661, 4, 14, '', 8200);
INSERT INTO wares (id_wares, id_vendor, id_type_wares, naim_wares, price_wares) VALUES (662, 5, 14, '', 7000);
INSERT INTO wares (id_wares, id_vendor, id_type_wares, naim_wares, price_wares) VALUES (663, 6, 14, '', 8200);
INSERT INTO wares (id_wares, id_vendor, id_type_wares, naim_wares, price_wares) VALUES (664, 7, 14, '', 2800);
INSERT INTO wares (id_wares, id_vendor, id_type_wares, naim_wares, price_wares) VALUES (665, 8, 14, '', 9600);
INSERT INTO wares (id_wares, id_vendor, id_type_wares, naim_wares, price_wares) VALUES (666, 1, 14, '', 6400);
INSERT INTO wares (id_wares, id_vendor, id_type_wares, naim_wares, price_wares) VALUES (667, 2, 14, '', 5500);
INSERT INTO wares (id_wares, id_vendor, id_type_wares, naim_wares, price_wares) VALUES (668, 3, 14, '', 13200);
INSERT INTO wares (id_wares, id_vendor, id_type_wares, naim_wares, price_wares) VALUES (669, 4, 14, '', 6100);
INSERT INTO wares (id_wares, id_vendor, id_type_wares, naim_wares, price_wares) VALUES (670, 5, 14, '', 15200);
INSERT INTO wares (id_wares, id_vendor, id_type_wares, naim_wares, price_wares) VALUES (671, 6, 14, '', 15400);
INSERT INTO wares (id_wares, id_vendor, id_type_wares, naim_wares, price_wares) VALUES (672, 7, 14, '', 16400);
INSERT INTO wares (id_wares, id_vendor, id_type_wares, naim_wares, price_wares) VALUES (673, 8, 14, '', 10000);
INSERT INTO wares (id_wares, id_vendor, id_type_wares, naim_wares, price_wares) VALUES (674, 1, 14, '', 7500);
INSERT INTO wares (id_wares, id_vendor, id_type_wares, naim_wares, price_wares) VALUES (675, 2, 14, '', 14100);
INSERT INTO wares (id_wares, id_vendor, id_type_wares, naim_wares, price_wares) VALUES (676, 3, 14, '', 7800);
INSERT INTO wares (id_wares, id_vendor, id_type_wares, naim_wares, price_wares) VALUES (677, 4, 14, '', 13700);
INSERT INTO wares (id_wares, id_vendor, id_type_wares, naim_wares, price_wares) VALUES (678, 5, 14, '', 13300);
INSERT INTO wares (id_wares, id_vendor, id_type_wares, naim_wares, price_wares) VALUES (679, 6, 14, '', 2000);
INSERT INTO wares (id_wares, id_vendor, id_type_wares, naim_wares, price_wares) VALUES (680, 7, 14, '', 12400);
INSERT INTO wares (id_wares, id_vendor, id_type_wares, naim_wares, price_wares) VALUES (681, 8, 14, '', 6400);
INSERT INTO wares (id_wares, id_vendor, id_type_wares, naim_wares, price_wares) VALUES (682, 1, 15, '', 14400);
INSERT INTO wares (id_wares, id_vendor, id_type_wares, naim_wares, price_wares) VALUES (683, 2, 15, '', 13200);
INSERT INTO wares (id_wares, id_vendor, id_type_wares, naim_wares, price_wares) VALUES (684, 3, 15, '', 6100);
INSERT INTO wares (id_wares, id_vendor, id_type_wares, naim_wares, price_wares) VALUES (685, 4, 15, '', 15100);
INSERT INTO wares (id_wares, id_vendor, id_type_wares, naim_wares, price_wares) VALUES (686, 5, 15, '', 6800);
INSERT INTO wares (id_wares, id_vendor, id_type_wares, naim_wares, price_wares) VALUES (687, 6, 15, '', 6300);
INSERT INTO wares (id_wares, id_vendor, id_type_wares, naim_wares, price_wares) VALUES (688, 7, 15, '', 3300);
INSERT INTO wares (id_wares, id_vendor, id_type_wares, naim_wares, price_wares) VALUES (689, 8, 15, '', 7800);
INSERT INTO wares (id_wares, id_vendor, id_type_wares, naim_wares, price_wares) VALUES (690, 1, 15, '', 7700);
INSERT INTO wares (id_wares, id_vendor, id_type_wares, naim_wares, price_wares) VALUES (691, 2, 15, '', 10800);
INSERT INTO wares (id_wares, id_vendor, id_type_wares, naim_wares, price_wares) VALUES (692, 3, 15, '', 7100);
INSERT INTO wares (id_wares, id_vendor, id_type_wares, naim_wares, price_wares) VALUES (693, 4, 15, '', 3200);
INSERT INTO wares (id_wares, id_vendor, id_type_wares, naim_wares, price_wares) VALUES (694, 5, 15, '', 16000);
INSERT INTO wares (id_wares, id_vendor, id_type_wares, naim_wares, price_wares) VALUES (695, 6, 15, '', 2100);
INSERT INTO wares (id_wares, id_vendor, id_type_wares, naim_wares, price_wares) VALUES (696, 7, 15, '', 4900);
INSERT INTO wares (id_wares, id_vendor, id_type_wares, naim_wares, price_wares) VALUES (697, 8, 15, '', 13600);
INSERT INTO wares (id_wares, id_vendor, id_type_wares, naim_wares, price_wares) VALUES (698, 1, 15, '', 15900);
INSERT INTO wares (id_wares, id_vendor, id_type_wares, naim_wares, price_wares) VALUES (699, 2, 15, '', 14900);
INSERT INTO wares (id_wares, id_vendor, id_type_wares, naim_wares, price_wares) VALUES (700, 3, 15, '', 8800);
INSERT INTO wares (id_wares, id_vendor, id_type_wares, naim_wares, price_wares) VALUES (701, 4, 15, '', 11400);
INSERT INTO wares (id_wares, id_vendor, id_type_wares, naim_wares, price_wares) VALUES (702, 5, 15, '', 15500);
INSERT INTO wares (id_wares, id_vendor, id_type_wares, naim_wares, price_wares) VALUES (703, 6, 15, '', 8700);
INSERT INTO wares (id_wares, id_vendor, id_type_wares, naim_wares, price_wares) VALUES (704, 7, 15, '', 4000);
INSERT INTO wares (id_wares, id_vendor, id_type_wares, naim_wares, price_wares) VALUES (705, 8, 15, '', 4900);
INSERT INTO wares (id_wares, id_vendor, id_type_wares, naim_wares, price_wares) VALUES (706, 1, 15, '', 14900);
INSERT INTO wares (id_wares, id_vendor, id_type_wares, naim_wares, price_wares) VALUES (707, 2, 15, '', 4100);
INSERT INTO wares (id_wares, id_vendor, id_type_wares, naim_wares, price_wares) VALUES (708, 3, 15, '', 11600);
INSERT INTO wares (id_wares, id_vendor, id_type_wares, naim_wares, price_wares) VALUES (709, 4, 15, '', 7200);
INSERT INTO wares (id_wares, id_vendor, id_type_wares, naim_wares, price_wares) VALUES (710, 5, 15, '', 5300);
INSERT INTO wares (id_wares, id_vendor, id_type_wares, naim_wares, price_wares) VALUES (711, 6, 15, '', 14500);
INSERT INTO wares (id_wares, id_vendor, id_type_wares, naim_wares, price_wares) VALUES (712, 7, 15, '', 2500);
INSERT INTO wares (id_wares, id_vendor, id_type_wares, naim_wares, price_wares) VALUES (713, 8, 15, '', 13000);
INSERT INTO wares (id_wares, id_vendor, id_type_wares, naim_wares, price_wares) VALUES (714, 1, 15, '', 2600);
INSERT INTO wares (id_wares, id_vendor, id_type_wares, naim_wares, price_wares) VALUES (715, 2, 15, '', 11100);
INSERT INTO wares (id_wares, id_vendor, id_type_wares, naim_wares, price_wares) VALUES (716, 3, 15, '', 6900);
INSERT INTO wares (id_wares, id_vendor, id_type_wares, naim_wares, price_wares) VALUES (717, 4, 15, '', 14700);
INSERT INTO wares (id_wares, id_vendor, id_type_wares, naim_wares, price_wares) VALUES (718, 5, 15, '', 8000);
INSERT INTO wares (id_wares, id_vendor, id_type_wares, naim_wares, price_wares) VALUES (719, 6, 15, '', 14000);
INSERT INTO wares (id_wares, id_vendor, id_type_wares, naim_wares, price_wares) VALUES (720, 7, 15, '', 4900);
INSERT INTO wares (id_wares, id_vendor, id_type_wares, naim_wares, price_wares) VALUES (721, 8, 15, '', 5800);
INSERT INTO wares (id_wares, id_vendor, id_type_wares, naim_wares, price_wares) VALUES (722, 1, 15, '', 15300);
INSERT INTO wares (id_wares, id_vendor, id_type_wares, naim_wares, price_wares) VALUES (723, 2, 15, '', 5300);
INSERT INTO wares (id_wares, id_vendor, id_type_wares, naim_wares, price_wares) VALUES (724, 3, 15, '', 4900);
INSERT INTO wares (id_wares, id_vendor, id_type_wares, naim_wares, price_wares) VALUES (725, 4, 15, '', 3400);
INSERT INTO wares (id_wares, id_vendor, id_type_wares, naim_wares, price_wares) VALUES (726, 5, 15, '', 8700);
INSERT INTO wares (id_wares, id_vendor, id_type_wares, naim_wares, price_wares) VALUES (727, 6, 15, '', 2900);
INSERT INTO wares (id_wares, id_vendor, id_type_wares, naim_wares, price_wares) VALUES (728, 7, 15, '', 7900);
INSERT INTO wares (id_wares, id_vendor, id_type_wares, naim_wares, price_wares) VALUES (729, 8, 15, '', 2000);
