INSERT INTO teritory (id_ter, id_ter_parent, naim_ter, pr_ter, rub_terit) VALUES (0, 0, 'Неизвестно                    ', 1, '            ');
INSERT INTO teritory (id_ter, id_ter_parent, naim_ter, pr_ter, rub_terit) VALUES (1, 0, 'Россия                            ', 1, '01          ');
INSERT INTO teritory (id_ter, id_ter_parent, naim_ter, pr_ter, rub_terit) VALUES (2, 1, 'Центральный регион     ', 2, '0101        ');
INSERT INTO teritory (id_ter, id_ter_parent, naim_ter, pr_ter, rub_terit) VALUES (3, 2, 'Московская обл.            ', 3, '010101      ');
INSERT INTO teritory (id_ter, id_ter_parent, naim_ter, pr_ter, rub_terit) VALUES (4, 2, 'Москва                            ', 4, '010102      ');
INSERT INTO teritory (id_ter, id_ter_parent, naim_ter, pr_ter, rub_terit) VALUES (5, 2, 'Ленинградская обл.      ', 3, '010103      ');
INSERT INTO teritory (id_ter, id_ter_parent, naim_ter, pr_ter, rub_terit) VALUES (6, 5, 'Выборг                            ', 4, '01010301    ');
INSERT INTO teritory (id_ter, id_ter_parent, naim_ter, pr_ter, rub_terit) VALUES (7, 1, 'Южный регион                 ', 2, '0102        ');
INSERT INTO teritory (id_ter, id_ter_parent, naim_ter, pr_ter, rub_terit) VALUES (8, 7, 'Нижегородская обл.      ', 3, '010201      ');
INSERT INTO teritory (id_ter, id_ter_parent, naim_ter, pr_ter, rub_terit) VALUES (9, 8, 'Н. Новгород                    ', 4, '01020101    ');
INSERT INTO teritory (id_ter, id_ter_parent, naim_ter, pr_ter, rub_terit) VALUES (10, 0, 'Германия                        ', 1, '02          ');
INSERT INTO teritory (id_ter, id_ter_parent, naim_ter, pr_ter, rub_terit) VALUES (11, 0, 'Южная корея                   ', 1, '03          ');
INSERT INTO teritory (id_ter, id_ter_parent, naim_ter, pr_ter, rub_terit) VALUES (12, 0, 'Япония                            ', 1, '04          ');
INSERT INTO teritory (id_ter, id_ter_parent, naim_ter, pr_ter, rub_terit) VALUES (14, 3, 'Мытищи                            ', 4, '01010101    ');

INSERT INTO type_subdiv (id_type_subdiv, naim_type_subdiv) VALUES (0, 'Неизвестно          ');
INSERT INTO type_subdiv (id_type_subdiv, naim_type_subdiv) VALUES (1, 'Дирекция              ');
INSERT INTO type_subdiv (id_type_subdiv, naim_type_subdiv) VALUES (2, 'Отдел                    ');
INSERT INTO type_subdiv (id_type_subdiv, naim_type_subdiv) VALUES (3, 'Секция                  ');

INSERT INTO store (id_store, id_ter, naim_store) VALUES (0, 0, 'Неизвестно          ');
INSERT INTO store (id_store, id_ter, naim_store) VALUES (1, 14, 'ТехноМощь            ');
INSERT INTO store (id_store, id_ter, naim_store) VALUES (2, 6, 'ТехноВещь            ');
INSERT INTO store (id_store, id_ter, naim_store) VALUES (3, 9, 'ТехноПиск            ');

INSERT INTO type_wares (id_type_wares, id_type_wares_parent, naim_type_wares, rub_type_wares) VALUES (0, 0, 'Неизвестно                    ', '            ');
INSERT INTO type_wares (id_type_wares, id_type_wares_parent, naim_type_wares, rub_type_wares) VALUES (1, 0, 'Бытовая техника           ', '01          ');
INSERT INTO type_wares (id_type_wares, id_type_wares_parent, naim_type_wares, rub_type_wares) VALUES (2, 1, 'Крупная быт. техника   ', '0101        ');
INSERT INTO type_wares (id_type_wares, id_type_wares_parent, naim_type_wares, rub_type_wares) VALUES (3, 2, 'Холодильники                ', '010101      ');
INSERT INTO type_wares (id_type_wares, id_type_wares_parent, naim_type_wares, rub_type_wares) VALUES (4, 2, 'Телевизоры                    ', '010102      ');
INSERT INTO type_wares (id_type_wares, id_type_wares_parent, naim_type_wares, rub_type_wares) VALUES (5, 2, 'Стиральные машины       ', '010103      ');
INSERT INTO type_wares (id_type_wares, id_type_wares_parent, naim_type_wares, rub_type_wares) VALUES (6, 1, 'Мелкая быт. техника     ', '0102        ');
INSERT INTO type_wares (id_type_wares, id_type_wares_parent, naim_type_wares, rub_type_wares) VALUES (7, 6, 'Утюги                              ', '010201      ');
INSERT INTO type_wares (id_type_wares, id_type_wares_parent, naim_type_wares, rub_type_wares) VALUES (8, 6, 'Соковыжималки              ', '010202      ');
INSERT INTO type_wares (id_type_wares, id_type_wares_parent, naim_type_wares, rub_type_wares) VALUES (9, 0, 'Компьютерная техника ', '02          ');
INSERT INTO type_wares (id_type_wares, id_type_wares_parent, naim_type_wares, rub_type_wares) VALUES (10, 9, 'Компьютеры                    ', '0201        ');
INSERT INTO type_wares (id_type_wares, id_type_wares_parent, naim_type_wares, rub_type_wares) VALUES (12, 9, 'Периферия                      ', '0202        ');
INSERT INTO type_wares (id_type_wares, id_type_wares_parent, naim_type_wares, rub_type_wares) VALUES (14, 12, 'Принтеры                        ', '020201      ');
INSERT INTO type_wares (id_type_wares, id_type_wares_parent, naim_type_wares, rub_type_wares) VALUES (15, 12, 'Сканеры                          ', '020202      ');

INSERT INTO subdivision (id_subdiv, id_store, id_subdiv_parent, naim_subdiv, id_type_subdiv, id_type_wares, rub_subdiv) VALUES (0, 0, 0, 'Неизвестно                              ', 0, 0, '                    ');
INSERT INTO subdivision (id_subdiv, id_store, id_subdiv_parent, naim_subdiv, id_type_subdiv, id_type_wares, rub_subdiv) VALUES (9, 1, 0, 'Дирекция                                  ', 1, 0, '01                  ');
INSERT INTO subdivision (id_subdiv, id_store, id_subdiv_parent, naim_subdiv, id_type_subdiv, id_type_wares, rub_subdiv) VALUES (10, 2, 0, 'Дирекция                                  ', 1, 0, '02                  ');
INSERT INTO subdivision (id_subdiv, id_store, id_subdiv_parent, naim_subdiv, id_type_subdiv, id_type_wares, rub_subdiv) VALUES (11, 3, 0, 'Дирекция                                  ', 1, 0, '03                  ');
INSERT INTO subdivision (id_subdiv, id_store, id_subdiv_parent, naim_subdiv, id_type_subdiv, id_type_wares, rub_subdiv) VALUES (1, 1, 9, 'Отдел бытовой техники          ', 2, 1, '0101                ');
INSERT INTO subdivision (id_subdiv, id_store, id_subdiv_parent, naim_subdiv, id_type_subdiv, id_type_wares, rub_subdiv) VALUES (2, 1, 9, 'Отдел компьютерной техники', 2, 9, '0102                ');
INSERT INTO subdivision (id_subdiv, id_store, id_subdiv_parent, naim_subdiv, id_type_subdiv, id_type_wares, rub_subdiv) VALUES (3, 1, 1, 'Секция крупной быт.техники ', 3, 2, '010101              ');
INSERT INTO subdivision (id_subdiv, id_store, id_subdiv_parent, naim_subdiv, id_type_subdiv, id_type_wares, rub_subdiv) VALUES (4, 1, 1, 'Секция мелкой быт.техники   ', 3, 6, '010102              ');
INSERT INTO subdivision (id_subdiv, id_store, id_subdiv_parent, naim_subdiv, id_type_subdiv, id_type_wares, rub_subdiv) VALUES (5, 2, 10, 'Отдел бытовой техники          ', 2, 1, '0201                ');
INSERT INTO subdivision (id_subdiv, id_store, id_subdiv_parent, naim_subdiv, id_type_subdiv, id_type_wares, rub_subdiv) VALUES (6, 2, 10, 'Отдел компьютерной техники', 2, 9, '0202                ');
INSERT INTO subdivision (id_subdiv, id_store, id_subdiv_parent, naim_subdiv, id_type_subdiv, id_type_wares, rub_subdiv) VALUES (7, 3, 11, 'Отдел бытовой техники          ', 2, 1, '0301                ');
INSERT INTO subdivision (id_subdiv, id_store, id_subdiv_parent, naim_subdiv, id_type_subdiv, id_type_wares, rub_subdiv) VALUES (8, 3, 11, 'Отдел компьютерной техники', 2, 9, '0302                ');

INSERT INTO personal (id_pers, id_subdiv, fio_pers, pr_sex, pr_rukovod, date_rozd) VALUES (105, 9, 'Persona105 P.                                     ', 1, 2, '1960-06-09');
INSERT INTO personal (id_pers, id_subdiv, fio_pers, pr_sex, pr_rukovod, date_rozd) VALUES (106, 10, 'Persona106 P.                                     ', 2, 2, '1962-12-02');
INSERT INTO personal (id_pers, id_subdiv, fio_pers, pr_sex, pr_rukovod, date_rozd) VALUES (107, 11, 'Persona107 P.                                     ', 2, 2, '1971-08-25');
INSERT INTO personal (id_pers, id_subdiv, fio_pers, pr_sex, pr_rukovod, date_rozd) VALUES (108, 1, 'Persona108 P.                                     ', 1, 2, '1967-02-05');
INSERT INTO personal (id_pers, id_subdiv, fio_pers, pr_sex, pr_rukovod, date_rozd) VALUES (109, 2, 'Persona109 P.                                     ', 2, 2, '1970-01-03');
INSERT INTO personal (id_pers, id_subdiv, fio_pers, pr_sex, pr_rukovod, date_rozd) VALUES (110, 3, 'Persona110 P.                                     ', 1, 2, '1964-10-30');
INSERT INTO personal (id_pers, id_subdiv, fio_pers, pr_sex, pr_rukovod, date_rozd) VALUES (111, 4, 'Persona111 P.                                     ', 1, 2, '1967-08-31');
INSERT INTO personal (id_pers, id_subdiv, fio_pers, pr_sex, pr_rukovod, date_rozd) VALUES (112, 5, 'Persona112 P.                                     ', 1, 2, '1972-11-24');
INSERT INTO personal (id_pers, id_subdiv, fio_pers, pr_sex, pr_rukovod, date_rozd) VALUES (113, 6, 'Persona113 P.                                     ', 1, 2, '1961-02-27');
INSERT INTO personal (id_pers, id_subdiv, fio_pers, pr_sex, pr_rukovod, date_rozd) VALUES (114, 7, 'Persona114 P.                                     ', 1, 2, '1968-05-06');
INSERT INTO personal (id_pers, id_subdiv, fio_pers, pr_sex, pr_rukovod, date_rozd) VALUES (115, 8, 'Persona115 P.                                     ', 2, 2, '1961-02-15');
INSERT INTO personal (id_pers, id_subdiv, fio_pers, pr_sex, pr_rukovod, date_rozd) VALUES (116, 9, 'Persona116 P.                                     ', 1, 1, '1974-07-31');
INSERT INTO personal (id_pers, id_subdiv, fio_pers, pr_sex, pr_rukovod, date_rozd) VALUES (117, 10, 'Persona117 P.                                     ', 2, 1, '1970-07-19');
INSERT INTO personal (id_pers, id_subdiv, fio_pers, pr_sex, pr_rukovod, date_rozd) VALUES (118, 11, 'Persona118 P.                                     ', 1, 1, '1974-06-26');
INSERT INTO personal (id_pers, id_subdiv, fio_pers, pr_sex, pr_rukovod, date_rozd) VALUES (119, 1, 'Persona119 P.                                     ', 2, 1, '1970-08-25');
INSERT INTO personal (id_pers, id_subdiv, fio_pers, pr_sex, pr_rukovod, date_rozd) VALUES (120, 2, 'Persona120 P.                                     ', 2, 0, '1972-01-24');
INSERT INTO personal (id_pers, id_subdiv, fio_pers, pr_sex, pr_rukovod, date_rozd) VALUES (121, 3, 'Persona121 P.                                     ', 1, 0, '1973-05-25');
INSERT INTO personal (id_pers, id_subdiv, fio_pers, pr_sex, pr_rukovod, date_rozd) VALUES (122, 4, 'Persona122 P.                                     ', 2, 0, '1971-03-04');
INSERT INTO personal (id_pers, id_subdiv, fio_pers, pr_sex, pr_rukovod, date_rozd) VALUES (123, 5, 'Persona123 P.                                     ', 1, 0, '1971-10-20');
INSERT INTO personal (id_pers, id_subdiv, fio_pers, pr_sex, pr_rukovod, date_rozd) VALUES (124, 6, 'Persona124 P.                                     ', 1, 0, '1970-08-30');
INSERT INTO personal (id_pers, id_subdiv, fio_pers, pr_sex, pr_rukovod, date_rozd) VALUES (125, 7, 'Persona125 P.                                     ', 1, 0, '1970-09-15');
INSERT INTO personal (id_pers, id_subdiv, fio_pers, pr_sex, pr_rukovod, date_rozd) VALUES (126, 8, 'Persona126 P.                                     ', 2, 0, '1972-03-09');
INSERT INTO personal (id_pers, id_subdiv, fio_pers, pr_sex, pr_rukovod, date_rozd) VALUES (127, 2, 'Persona127 P.                                     ', 1, 0, '1970-06-27');
INSERT INTO personal (id_pers, id_subdiv, fio_pers, pr_sex, pr_rukovod, date_rozd) VALUES (128, 3, 'Persona128 P.                                     ', 2, 0, '1970-03-07');
INSERT INTO personal (id_pers, id_subdiv, fio_pers, pr_sex, pr_rukovod, date_rozd) VALUES (129, 4, 'Persona129 P.                                     ', 2, 0, '1971-06-13');
INSERT INTO personal (id_pers, id_subdiv, fio_pers, pr_sex, pr_rukovod, date_rozd) VALUES (130, 5, 'Persona130 P.                                     ', 1, 0, '1971-05-10');
INSERT INTO personal (id_pers, id_subdiv, fio_pers, pr_sex, pr_rukovod, date_rozd) VALUES (131, 6, 'Persona131 P.                                     ', 2, 0, '1973-06-09');
INSERT INTO personal (id_pers, id_subdiv, fio_pers, pr_sex, pr_rukovod, date_rozd) VALUES (132, 7, 'Persona132 P.                                     ', 1, 0, '1973-04-13');
INSERT INTO personal (id_pers, id_subdiv, fio_pers, pr_sex, pr_rukovod, date_rozd) VALUES (133, 8, 'Persona133 P.                                     ', 1, 0, '1974-09-09');
INSERT INTO personal (id_pers, id_subdiv, fio_pers, pr_sex, pr_rukovod, date_rozd) VALUES (134, 2, 'Persona134 P.                                     ', 2, 0, '1974-04-15');
INSERT INTO personal (id_pers, id_subdiv, fio_pers, pr_sex, pr_rukovod, date_rozd) VALUES (135, 3, 'Persona135 P.                                     ', 2, 0, '1974-12-29');
INSERT INTO personal (id_pers, id_subdiv, fio_pers, pr_sex, pr_rukovod, date_rozd) VALUES (136, 4, 'Persona136 P.                                     ', 2, 0, '1974-09-12');
INSERT INTO personal (id_pers, id_subdiv, fio_pers, pr_sex, pr_rukovod, date_rozd) VALUES (137, 5, 'Persona137 P.                                     ', 2, 0, '1972-10-25');
INSERT INTO personal (id_pers, id_subdiv, fio_pers, pr_sex, pr_rukovod, date_rozd) VALUES (138, 6, 'Persona138 P.                                     ', 1, 0, '1970-07-18');
INSERT INTO personal (id_pers, id_subdiv, fio_pers, pr_sex, pr_rukovod, date_rozd) VALUES (139, 7, 'Persona139 P.                                     ', 2, 0, '1971-07-30');
INSERT INTO personal (id_pers, id_subdiv, fio_pers, pr_sex, pr_rukovod, date_rozd) VALUES (140, 8, 'Persona140 P.                                     ', 2, 0, '1970-02-06');
INSERT INTO personal (id_pers, id_subdiv, fio_pers, pr_sex, pr_rukovod, date_rozd) VALUES (141, 2, 'Persona141 P.                                     ', 1, 0, '1971-07-15');
INSERT INTO personal (id_pers, id_subdiv, fio_pers, pr_sex, pr_rukovod, date_rozd) VALUES (142, 3, 'Persona142 P.                                     ', 2, 0, '1973-03-29');
INSERT INTO personal (id_pers, id_subdiv, fio_pers, pr_sex, pr_rukovod, date_rozd) VALUES (143, 4, 'Persona143 P.                                     ', 1, 0, '1973-11-01');
INSERT INTO personal (id_pers, id_subdiv, fio_pers, pr_sex, pr_rukovod, date_rozd) VALUES (144, 5, 'Persona144 P.                                     ', 1, 0, '1970-09-13');
INSERT INTO personal (id_pers, id_subdiv, fio_pers, pr_sex, pr_rukovod, date_rozd) VALUES (145, 6, 'Persona145 P.                                     ', 2, 0, '1971-12-14');
INSERT INTO personal (id_pers, id_subdiv, fio_pers, pr_sex, pr_rukovod, date_rozd) VALUES (146, 7, 'Persona146 P.                                     ', 2, 0, '1970-09-16');
INSERT INTO personal (id_pers, id_subdiv, fio_pers, pr_sex, pr_rukovod, date_rozd) VALUES (147, 8, 'Persona147 P.                                     ', 1, 0, '1973-12-24');
INSERT INTO personal (id_pers, id_subdiv, fio_pers, pr_sex, pr_rukovod, date_rozd) VALUES (148, 2, 'Persona148 P.                                     ', 2, 0, '1972-05-29');
INSERT INTO personal (id_pers, id_subdiv, fio_pers, pr_sex, pr_rukovod, date_rozd) VALUES (149, 3, 'Persona149 P.                                     ', 2, 0, '1972-09-11');
INSERT INTO personal (id_pers, id_subdiv, fio_pers, pr_sex, pr_rukovod, date_rozd) VALUES (150, 4, 'Persona150 P.                                     ', 2, 0, '1970-06-17');
INSERT INTO personal (id_pers, id_subdiv, fio_pers, pr_sex, pr_rukovod, date_rozd) VALUES (151, 5, 'Persona151 P.                                     ', 2, 0, '1972-02-29');
INSERT INTO personal (id_pers, id_subdiv, fio_pers, pr_sex, pr_rukovod, date_rozd) VALUES (152, 6, 'Persona152 P.                                     ', 1, 0, '1970-10-07');
INSERT INTO personal (id_pers, id_subdiv, fio_pers, pr_sex, pr_rukovod, date_rozd) VALUES (153, 7, 'Persona153 P.                                     ', 2, 0, '1971-07-25');
INSERT INTO personal (id_pers, id_subdiv, fio_pers, pr_sex, pr_rukovod, date_rozd) VALUES (154, 8, 'Persona154 P.                                     ', 1, 0, '1971-08-20');
INSERT INTO personal (id_pers, id_subdiv, fio_pers, pr_sex, pr_rukovod, date_rozd) VALUES (155, 2, 'Persona155 P.                                     ', 2, 0, '1974-01-26');
INSERT INTO personal (id_pers, id_subdiv, fio_pers, pr_sex, pr_rukovod, date_rozd) VALUES (156, 3, 'Persona156 P.                                     ', 1, 0, '1973-05-23');
INSERT INTO personal (id_pers, id_subdiv, fio_pers, pr_sex, pr_rukovod, date_rozd) VALUES (157, 4, 'Persona157 P.                                     ', 1, 0, '1972-12-01');
INSERT INTO personal (id_pers, id_subdiv, fio_pers, pr_sex, pr_rukovod, date_rozd) VALUES (158, 6, 'Persona158 P.                                     ', 2, 0, '1973-01-03');
INSERT INTO personal (id_pers, id_subdiv, fio_pers, pr_sex, pr_rukovod, date_rozd) VALUES (159, 4, 'Persona159 P.                                     ', 2, 0, '1971-05-16');
INSERT INTO personal (id_pers, id_subdiv, fio_pers, pr_sex, pr_rukovod, date_rozd) VALUES (160, 6, 'Persona160 P.                                     ', 2, 0, '1972-11-22');

INSERT INTO vendor VALUES (1, 10, 'Bosh');
INSERT INTO vendor VALUES (2, 10, 'Rowenta');
INSERT INTO vendor VALUES (3, 10, 'AEG');
INSERT INTO vendor VALUES (4, 11, 'Samsung');
INSERT INTO vendor VALUES (5, 11, 'LG');
INSERT INTO vendor VALUES (6, 11, 'Daewoo');
INSERT INTO vendor VALUES (7, 12, 'Sony');
INSERT INTO vendor VALUES (8, 12, 'Panasonic');

INSERT INTO wares (id_wares, id_vendor, id_type_wares, naim_wares, price_wares) VALUES (522, 1, 3, '                              ', 5000);
INSERT INTO wares (id_wares, id_vendor, id_type_wares, naim_wares, price_wares) VALUES (523, 2, 3, '                              ', 14200);
INSERT INTO wares (id_wares, id_vendor, id_type_wares, naim_wares, price_wares) VALUES (524, 3, 3, '                              ', 10100);
INSERT INTO wares (id_wares, id_vendor, id_type_wares, naim_wares, price_wares) VALUES (525, 4, 3, '                              ', 11000);
INSERT INTO wares (id_wares, id_vendor, id_type_wares, naim_wares, price_wares) VALUES (526, 5, 3, '                              ', 8400);
INSERT INTO wares (id_wares, id_vendor, id_type_wares, naim_wares, price_wares) VALUES (527, 6, 3, '                              ', 14100);
INSERT INTO wares (id_wares, id_vendor, id_type_wares, naim_wares, price_wares) VALUES (528, 7, 3, '                              ', 3800);
INSERT INTO wares (id_wares, id_vendor, id_type_wares, naim_wares, price_wares) VALUES (529, 8, 3, '                              ', 8500);
INSERT INTO wares (id_wares, id_vendor, id_type_wares, naim_wares, price_wares) VALUES (530, 1, 3, '                              ', 9400);
INSERT INTO wares (id_wares, id_vendor, id_type_wares, naim_wares, price_wares) VALUES (531, 2, 3, '                              ', 13100);
INSERT INTO wares (id_wares, id_vendor, id_type_wares, naim_wares, price_wares) VALUES (532, 3, 3, '                              ', 9900);
INSERT INTO wares (id_wares, id_vendor, id_type_wares, naim_wares, price_wares) VALUES (533, 4, 3, '                              ', 16300);
INSERT INTO wares (id_wares, id_vendor, id_type_wares, naim_wares, price_wares) VALUES (534, 5, 3, '                              ', 3600);
INSERT INTO wares (id_wares, id_vendor, id_type_wares, naim_wares, price_wares) VALUES (535, 6, 3, '                              ', 4900);
INSERT INTO wares (id_wares, id_vendor, id_type_wares, naim_wares, price_wares) VALUES (536, 7, 3, '                              ', 2200);
INSERT INTO wares (id_wares, id_vendor, id_type_wares, naim_wares, price_wares) VALUES (537, 8, 3, '                              ', 3400);
INSERT INTO wares (id_wares, id_vendor, id_type_wares, naim_wares, price_wares) VALUES (538, 1, 3, '                              ', 10500);
INSERT INTO wares (id_wares, id_vendor, id_type_wares, naim_wares, price_wares) VALUES (539, 2, 3, '                              ', 14600);
INSERT INTO wares (id_wares, id_vendor, id_type_wares, naim_wares, price_wares) VALUES (540, 3, 3, '                              ', 7600);
INSERT INTO wares (id_wares, id_vendor, id_type_wares, naim_wares, price_wares) VALUES (541, 4, 3, '                              ', 9200);
INSERT INTO wares (id_wares, id_vendor, id_type_wares, naim_wares, price_wares) VALUES (542, 5, 3, '                              ', 5900);
INSERT INTO wares (id_wares, id_vendor, id_type_wares, naim_wares, price_wares) VALUES (543, 6, 3, '                              ', 12900);
INSERT INTO wares (id_wares, id_vendor, id_type_wares, naim_wares, price_wares) VALUES (544, 7, 3, '                              ', 12700);
INSERT INTO wares (id_wares, id_vendor, id_type_wares, naim_wares, price_wares) VALUES (545, 8, 3, '                              ', 3100);
INSERT INTO wares (id_wares, id_vendor, id_type_wares, naim_wares, price_wares) VALUES (546, 1, 4, '                              ', 7700);
INSERT INTO wares (id_wares, id_vendor, id_type_wares, naim_wares, price_wares) VALUES (547, 2, 4, '                              ', 2700);
INSERT INTO wares (id_wares, id_vendor, id_type_wares, naim_wares, price_wares) VALUES (548, 3, 4, '                              ', 2500);
INSERT INTO wares (id_wares, id_vendor, id_type_wares, naim_wares, price_wares) VALUES (549, 4, 4, '                              ', 10000);
INSERT INTO wares (id_wares, id_vendor, id_type_wares, naim_wares, price_wares) VALUES (550, 5, 4, '                              ', 8500);
INSERT INTO wares (id_wares, id_vendor, id_type_wares, naim_wares, price_wares) VALUES (551, 6, 4, '                              ', 7200);
INSERT INTO wares (id_wares, id_vendor, id_type_wares, naim_wares, price_wares) VALUES (552, 7, 4, '                              ', 10900);
INSERT INTO wares (id_wares, id_vendor, id_type_wares, naim_wares, price_wares) VALUES (553, 8, 4, '                              ', 3000);
INSERT INTO wares (id_wares, id_vendor, id_type_wares, naim_wares, price_wares) VALUES (554, 1, 4, '                              ', 16600);
INSERT INTO wares (id_wares, id_vendor, id_type_wares, naim_wares, price_wares) VALUES (555, 2, 4, '                              ', 8400);
INSERT INTO wares (id_wares, id_vendor, id_type_wares, naim_wares, price_wares) VALUES (556, 3, 4, '                              ', 7900);
INSERT INTO wares (id_wares, id_vendor, id_type_wares, naim_wares, price_wares) VALUES (557, 4, 4, '                              ', 11900);
INSERT INTO wares (id_wares, id_vendor, id_type_wares, naim_wares, price_wares) VALUES (558, 5, 4, '                              ', 10700);
INSERT INTO wares (id_wares, id_vendor, id_type_wares, naim_wares, price_wares) VALUES (559, 6, 4, '                              ', 5100);
INSERT INTO wares (id_wares, id_vendor, id_type_wares, naim_wares, price_wares) VALUES (560, 7, 4, '                              ', 8200);
INSERT INTO wares (id_wares, id_vendor, id_type_wares, naim_wares, price_wares) VALUES (561, 8, 4, '                              ', 5400);
INSERT INTO wares (id_wares, id_vendor, id_type_wares, naim_wares, price_wares) VALUES (562, 1, 4, '                              ', 8000);
INSERT INTO wares (id_wares, id_vendor, id_type_wares, naim_wares, price_wares) VALUES (563, 2, 4, '                              ', 9500);
INSERT INTO wares (id_wares, id_vendor, id_type_wares, naim_wares, price_wares) VALUES (564, 3, 4, '                              ', 3900);
INSERT INTO wares (id_wares, id_vendor, id_type_wares, naim_wares, price_wares) VALUES (565, 4, 4, '                              ', 8900);
INSERT INTO wares (id_wares, id_vendor, id_type_wares, naim_wares, price_wares) VALUES (566, 5, 4, '                              ', 4100);
INSERT INTO wares (id_wares, id_vendor, id_type_wares, naim_wares, price_wares) VALUES (567, 6, 4, '                              ', 9500);
INSERT INTO wares (id_wares, id_vendor, id_type_wares, naim_wares, price_wares) VALUES (568, 7, 4, '                              ', 8500);
INSERT INTO wares (id_wares, id_vendor, id_type_wares, naim_wares, price_wares) VALUES (569, 8, 4, '                              ', 9600);
INSERT INTO wares (id_wares, id_vendor, id_type_wares, naim_wares, price_wares) VALUES (570, 1, 5, '                              ', 13900);
INSERT INTO wares (id_wares, id_vendor, id_type_wares, naim_wares, price_wares) VALUES (571, 2, 5, '                              ', 5900);
INSERT INTO wares (id_wares, id_vendor, id_type_wares, naim_wares, price_wares) VALUES (572, 3, 5, '                              ', 15000);
INSERT INTO wares (id_wares, id_vendor, id_type_wares, naim_wares, price_wares) VALUES (573, 4, 5, '                              ', 9900);
INSERT INTO wares (id_wares, id_vendor, id_type_wares, naim_wares, price_wares) VALUES (574, 5, 5, '                              ', 5000);
INSERT INTO wares (id_wares, id_vendor, id_type_wares, naim_wares, price_wares) VALUES (575, 6, 5, '                              ', 15500);
INSERT INTO wares (id_wares, id_vendor, id_type_wares, naim_wares, price_wares) VALUES (576, 7, 5, '                              ', 11100);
INSERT INTO wares (id_wares, id_vendor, id_type_wares, naim_wares, price_wares) VALUES (577, 8, 5, '                              ', 16300);
INSERT INTO wares (id_wares, id_vendor, id_type_wares, naim_wares, price_wares) VALUES (578, 1, 5, '                              ', 13400);
INSERT INTO wares (id_wares, id_vendor, id_type_wares, naim_wares, price_wares) VALUES (579, 2, 5, '                              ', 6500);
INSERT INTO wares (id_wares, id_vendor, id_type_wares, naim_wares, price_wares) VALUES (580, 3, 5, '                              ', 14100);
INSERT INTO wares (id_wares, id_vendor, id_type_wares, naim_wares, price_wares) VALUES (581, 4, 5, '                              ', 5500);
INSERT INTO wares (id_wares, id_vendor, id_type_wares, naim_wares, price_wares) VALUES (582, 5, 5, '                              ', 6800);
INSERT INTO wares (id_wares, id_vendor, id_type_wares, naim_wares, price_wares) VALUES (583, 6, 5, '                              ', 5400);
INSERT INTO wares (id_wares, id_vendor, id_type_wares, naim_wares, price_wares) VALUES (584, 7, 5, '                              ', 11100);
INSERT INTO wares (id_wares, id_vendor, id_type_wares, naim_wares, price_wares) VALUES (585, 8, 5, '                              ', 16500);
INSERT INTO wares (id_wares, id_vendor, id_type_wares, naim_wares, price_wares) VALUES (586, 1, 7, '                              ', 9500);
INSERT INTO wares (id_wares, id_vendor, id_type_wares, naim_wares, price_wares) VALUES (587, 2, 7, '                              ', 12100);
INSERT INTO wares (id_wares, id_vendor, id_type_wares, naim_wares, price_wares) VALUES (588, 3, 7, '                              ', 3500);
INSERT INTO wares (id_wares, id_vendor, id_type_wares, naim_wares, price_wares) VALUES (589, 4, 7, '                              ', 5900);
INSERT INTO wares (id_wares, id_vendor, id_type_wares, naim_wares, price_wares) VALUES (590, 5, 7, '                              ', 9200);
INSERT INTO wares (id_wares, id_vendor, id_type_wares, naim_wares, price_wares) VALUES (591, 6, 7, '                              ', 3600);
INSERT INTO wares (id_wares, id_vendor, id_type_wares, naim_wares, price_wares) VALUES (592, 7, 7, '                              ', 8200);
INSERT INTO wares (id_wares, id_vendor, id_type_wares, naim_wares, price_wares) VALUES (593, 8, 7, '                              ', 10600);
INSERT INTO wares (id_wares, id_vendor, id_type_wares, naim_wares, price_wares) VALUES (594, 1, 7, '                              ', 17000);
INSERT INTO wares (id_wares, id_vendor, id_type_wares, naim_wares, price_wares) VALUES (595, 2, 7, '                              ', 8700);
INSERT INTO wares (id_wares, id_vendor, id_type_wares, naim_wares, price_wares) VALUES (596, 3, 7, '                              ', 12100);
INSERT INTO wares (id_wares, id_vendor, id_type_wares, naim_wares, price_wares) VALUES (597, 4, 7, '                              ', 6200);
INSERT INTO wares (id_wares, id_vendor, id_type_wares, naim_wares, price_wares) VALUES (598, 5, 7, '                              ', 3400);
INSERT INTO wares (id_wares, id_vendor, id_type_wares, naim_wares, price_wares) VALUES (599, 6, 7, '                              ', 9900);
INSERT INTO wares (id_wares, id_vendor, id_type_wares, naim_wares, price_wares) VALUES (600, 7, 7, '                              ', 8500);
INSERT INTO wares (id_wares, id_vendor, id_type_wares, naim_wares, price_wares) VALUES (601, 8, 7, '                              ', 17000);
INSERT INTO wares (id_wares, id_vendor, id_type_wares, naim_wares, price_wares) VALUES (602, 1, 7, '                              ', 12500);
INSERT INTO wares (id_wares, id_vendor, id_type_wares, naim_wares, price_wares) VALUES (603, 2, 7, '                              ', 6600);
INSERT INTO wares (id_wares, id_vendor, id_type_wares, naim_wares, price_wares) VALUES (604, 3, 7, '                              ', 14700);
INSERT INTO wares (id_wares, id_vendor, id_type_wares, naim_wares, price_wares) VALUES (605, 4, 7, '                              ', 10700);
INSERT INTO wares (id_wares, id_vendor, id_type_wares, naim_wares, price_wares) VALUES (606, 5, 7, '                              ', 3300);
INSERT INTO wares (id_wares, id_vendor, id_type_wares, naim_wares, price_wares) VALUES (607, 6, 7, '                              ', 4600);
INSERT INTO wares (id_wares, id_vendor, id_type_wares, naim_wares, price_wares) VALUES (608, 7, 7, '                              ', 4200);
INSERT INTO wares (id_wares, id_vendor, id_type_wares, naim_wares, price_wares) VALUES (609, 8, 7, '                              ', 8600);
INSERT INTO wares (id_wares, id_vendor, id_type_wares, naim_wares, price_wares) VALUES (610, 1, 8, '                              ', 14300);
INSERT INTO wares (id_wares, id_vendor, id_type_wares, naim_wares, price_wares) VALUES (611, 2, 8, '                              ', 7900);
INSERT INTO wares (id_wares, id_vendor, id_type_wares, naim_wares, price_wares) VALUES (612, 3, 8, '                              ', 5000);
INSERT INTO wares (id_wares, id_vendor, id_type_wares, naim_wares, price_wares) VALUES (613, 4, 8, '                              ', 16200);
INSERT INTO wares (id_wares, id_vendor, id_type_wares, naim_wares, price_wares) VALUES (614, 5, 8, '                              ', 14700);
INSERT INTO wares (id_wares, id_vendor, id_type_wares, naim_wares, price_wares) VALUES (615, 6, 8, '                              ', 10400);
INSERT INTO wares (id_wares, id_vendor, id_type_wares, naim_wares, price_wares) VALUES (616, 7, 8, '                              ', 8000);
INSERT INTO wares (id_wares, id_vendor, id_type_wares, naim_wares, price_wares) VALUES (617, 8, 8, '                              ', 16100);
INSERT INTO wares (id_wares, id_vendor, id_type_wares, naim_wares, price_wares) VALUES (618, 1, 8, '                              ', 15500);
INSERT INTO wares (id_wares, id_vendor, id_type_wares, naim_wares, price_wares) VALUES (619, 2, 8, '                              ', 4800);
INSERT INTO wares (id_wares, id_vendor, id_type_wares, naim_wares, price_wares) VALUES (620, 3, 8, '                              ', 13300);
INSERT INTO wares (id_wares, id_vendor, id_type_wares, naim_wares, price_wares) VALUES (621, 4, 8, '                              ', 12200);
INSERT INTO wares (id_wares, id_vendor, id_type_wares, naim_wares, price_wares) VALUES (622, 5, 8, '                              ', 16100);
INSERT INTO wares (id_wares, id_vendor, id_type_wares, naim_wares, price_wares) VALUES (623, 6, 8, '                              ', 12500);
INSERT INTO wares (id_wares, id_vendor, id_type_wares, naim_wares, price_wares) VALUES (624, 7, 8, '                              ', 6400);
INSERT INTO wares (id_wares, id_vendor, id_type_wares, naim_wares, price_wares) VALUES (625, 8, 8, '                              ', 11300);
INSERT INTO wares (id_wares, id_vendor, id_type_wares, naim_wares, price_wares) VALUES (626, 1, 10, '                              ', 9400);
INSERT INTO wares (id_wares, id_vendor, id_type_wares, naim_wares, price_wares) VALUES (627, 2, 10, '                              ', 4400);
INSERT INTO wares (id_wares, id_vendor, id_type_wares, naim_wares, price_wares) VALUES (628, 3, 10, '                              ', 12800);
INSERT INTO wares (id_wares, id_vendor, id_type_wares, naim_wares, price_wares) VALUES (629, 4, 10, '                              ', 14800);
INSERT INTO wares (id_wares, id_vendor, id_type_wares, naim_wares, price_wares) VALUES (630, 5, 10, '                              ', 15800);
INSERT INTO wares (id_wares, id_vendor, id_type_wares, naim_wares, price_wares) VALUES (631, 6, 10, '                              ', 5700);
INSERT INTO wares (id_wares, id_vendor, id_type_wares, naim_wares, price_wares) VALUES (632, 7, 10, '                              ', 14600);
INSERT INTO wares (id_wares, id_vendor, id_type_wares, naim_wares, price_wares) VALUES (633, 8, 10, '                              ', 7000);
INSERT INTO wares (id_wares, id_vendor, id_type_wares, naim_wares, price_wares) VALUES (634, 1, 10, '                              ', 11000);
INSERT INTO wares (id_wares, id_vendor, id_type_wares, naim_wares, price_wares) VALUES (635, 2, 10, '                              ', 5200);
INSERT INTO wares (id_wares, id_vendor, id_type_wares, naim_wares, price_wares) VALUES (636, 3, 10, '                              ', 14200);
INSERT INTO wares (id_wares, id_vendor, id_type_wares, naim_wares, price_wares) VALUES (637, 4, 10, '                              ', 4100);
INSERT INTO wares (id_wares, id_vendor, id_type_wares, naim_wares, price_wares) VALUES (638, 5, 10, '                              ', 12300);
INSERT INTO wares (id_wares, id_vendor, id_type_wares, naim_wares, price_wares) VALUES (639, 6, 10, '                              ', 3000);
INSERT INTO wares (id_wares, id_vendor, id_type_wares, naim_wares, price_wares) VALUES (640, 7, 10, '                              ', 14800);
INSERT INTO wares (id_wares, id_vendor, id_type_wares, naim_wares, price_wares) VALUES (641, 8, 10, '                              ', 5100);
INSERT INTO wares (id_wares, id_vendor, id_type_wares, naim_wares, price_wares) VALUES (642, 1, 14, '                              ', 5800);
INSERT INTO wares (id_wares, id_vendor, id_type_wares, naim_wares, price_wares) VALUES (643, 2, 14, '                              ', 12700);
INSERT INTO wares (id_wares, id_vendor, id_type_wares, naim_wares, price_wares) VALUES (644, 3, 14, '                              ', 4600);
INSERT INTO wares (id_wares, id_vendor, id_type_wares, naim_wares, price_wares) VALUES (645, 4, 14, '                              ', 14500);
INSERT INTO wares (id_wares, id_vendor, id_type_wares, naim_wares, price_wares) VALUES (646, 5, 14, '                              ', 16500);
INSERT INTO wares (id_wares, id_vendor, id_type_wares, naim_wares, price_wares) VALUES (647, 6, 14, '                              ', 2600);
INSERT INTO wares (id_wares, id_vendor, id_type_wares, naim_wares, price_wares) VALUES (648, 7, 14, '                              ', 4600);
INSERT INTO wares (id_wares, id_vendor, id_type_wares, naim_wares, price_wares) VALUES (649, 8, 14, '                              ', 7500);
INSERT INTO wares (id_wares, id_vendor, id_type_wares, naim_wares, price_wares) VALUES (650, 1, 14, '                              ', 2200);
INSERT INTO wares (id_wares, id_vendor, id_type_wares, naim_wares, price_wares) VALUES (651, 2, 14, '                              ', 5900);
INSERT INTO wares (id_wares, id_vendor, id_type_wares, naim_wares, price_wares) VALUES (652, 3, 14, '                              ', 7900);
INSERT INTO wares (id_wares, id_vendor, id_type_wares, naim_wares, price_wares) VALUES (653, 4, 14, '                              ', 16700);
INSERT INTO wares (id_wares, id_vendor, id_type_wares, naim_wares, price_wares) VALUES (654, 5, 14, '                              ', 15000);
INSERT INTO wares (id_wares, id_vendor, id_type_wares, naim_wares, price_wares) VALUES (655, 6, 14, '                              ', 15400);
INSERT INTO wares (id_wares, id_vendor, id_type_wares, naim_wares, price_wares) VALUES (656, 7, 14, '                              ', 16200);
INSERT INTO wares (id_wares, id_vendor, id_type_wares, naim_wares, price_wares) VALUES (657, 8, 14, '                              ', 14700);
INSERT INTO wares (id_wares, id_vendor, id_type_wares, naim_wares, price_wares) VALUES (658, 1, 14, '                              ', 2600);
INSERT INTO wares (id_wares, id_vendor, id_type_wares, naim_wares, price_wares) VALUES (659, 2, 14, '                              ', 8700);
INSERT INTO wares (id_wares, id_vendor, id_type_wares, naim_wares, price_wares) VALUES (660, 3, 14, '                              ', 13000);
INSERT INTO wares (id_wares, id_vendor, id_type_wares, naim_wares, price_wares) VALUES (661, 4, 14, '                              ', 8200);
INSERT INTO wares (id_wares, id_vendor, id_type_wares, naim_wares, price_wares) VALUES (662, 5, 14, '                              ', 7000);
INSERT INTO wares (id_wares, id_vendor, id_type_wares, naim_wares, price_wares) VALUES (663, 6, 14, '                              ', 8200);
INSERT INTO wares (id_wares, id_vendor, id_type_wares, naim_wares, price_wares) VALUES (664, 7, 14, '                              ', 2800);
INSERT INTO wares (id_wares, id_vendor, id_type_wares, naim_wares, price_wares) VALUES (665, 8, 14, '                              ', 9600);
INSERT INTO wares (id_wares, id_vendor, id_type_wares, naim_wares, price_wares) VALUES (666, 1, 14, '                              ', 6400);
INSERT INTO wares (id_wares, id_vendor, id_type_wares, naim_wares, price_wares) VALUES (667, 2, 14, '                              ', 5500);
INSERT INTO wares (id_wares, id_vendor, id_type_wares, naim_wares, price_wares) VALUES (668, 3, 14, '                              ', 13200);
INSERT INTO wares (id_wares, id_vendor, id_type_wares, naim_wares, price_wares) VALUES (669, 4, 14, '                              ', 6100);
INSERT INTO wares (id_wares, id_vendor, id_type_wares, naim_wares, price_wares) VALUES (670, 5, 14, '                              ', 15200);
INSERT INTO wares (id_wares, id_vendor, id_type_wares, naim_wares, price_wares) VALUES (671, 6, 14, '                              ', 15400);
INSERT INTO wares (id_wares, id_vendor, id_type_wares, naim_wares, price_wares) VALUES (672, 7, 14, '                              ', 16400);
INSERT INTO wares (id_wares, id_vendor, id_type_wares, naim_wares, price_wares) VALUES (673, 8, 14, '                              ', 10000);
INSERT INTO wares (id_wares, id_vendor, id_type_wares, naim_wares, price_wares) VALUES (674, 1, 14, '                              ', 7500);
INSERT INTO wares (id_wares, id_vendor, id_type_wares, naim_wares, price_wares) VALUES (675, 2, 14, '                              ', 14100);
INSERT INTO wares (id_wares, id_vendor, id_type_wares, naim_wares, price_wares) VALUES (676, 3, 14, '                              ', 7800);
INSERT INTO wares (id_wares, id_vendor, id_type_wares, naim_wares, price_wares) VALUES (677, 4, 14, '                              ', 13700);
INSERT INTO wares (id_wares, id_vendor, id_type_wares, naim_wares, price_wares) VALUES (678, 5, 14, '                              ', 13300);
INSERT INTO wares (id_wares, id_vendor, id_type_wares, naim_wares, price_wares) VALUES (679, 6, 14, '                              ', 2000);
INSERT INTO wares (id_wares, id_vendor, id_type_wares, naim_wares, price_wares) VALUES (680, 7, 14, '                              ', 12400);
INSERT INTO wares (id_wares, id_vendor, id_type_wares, naim_wares, price_wares) VALUES (681, 8, 14, '                              ', 6400);
INSERT INTO wares (id_wares, id_vendor, id_type_wares, naim_wares, price_wares) VALUES (682, 1, 15, '                              ', 14400);
INSERT INTO wares (id_wares, id_vendor, id_type_wares, naim_wares, price_wares) VALUES (683, 2, 15, '                              ', 13200);
INSERT INTO wares (id_wares, id_vendor, id_type_wares, naim_wares, price_wares) VALUES (684, 3, 15, '                              ', 6100);
INSERT INTO wares (id_wares, id_vendor, id_type_wares, naim_wares, price_wares) VALUES (685, 4, 15, '                              ', 15100);
INSERT INTO wares (id_wares, id_vendor, id_type_wares, naim_wares, price_wares) VALUES (686, 5, 15, '                              ', 6800);
INSERT INTO wares (id_wares, id_vendor, id_type_wares, naim_wares, price_wares) VALUES (687, 6, 15, '                              ', 6300);
INSERT INTO wares (id_wares, id_vendor, id_type_wares, naim_wares, price_wares) VALUES (688, 7, 15, '                              ', 3300);
INSERT INTO wares (id_wares, id_vendor, id_type_wares, naim_wares, price_wares) VALUES (689, 8, 15, '                              ', 7800);
INSERT INTO wares (id_wares, id_vendor, id_type_wares, naim_wares, price_wares) VALUES (690, 1, 15, '                              ', 7700);
INSERT INTO wares (id_wares, id_vendor, id_type_wares, naim_wares, price_wares) VALUES (691, 2, 15, '                              ', 10800);
INSERT INTO wares (id_wares, id_vendor, id_type_wares, naim_wares, price_wares) VALUES (692, 3, 15, '                              ', 7100);
INSERT INTO wares (id_wares, id_vendor, id_type_wares, naim_wares, price_wares) VALUES (693, 4, 15, '                              ', 3200);
INSERT INTO wares (id_wares, id_vendor, id_type_wares, naim_wares, price_wares) VALUES (694, 5, 15, '                              ', 16000);
INSERT INTO wares (id_wares, id_vendor, id_type_wares, naim_wares, price_wares) VALUES (695, 6, 15, '                              ', 2100);
INSERT INTO wares (id_wares, id_vendor, id_type_wares, naim_wares, price_wares) VALUES (696, 7, 15, '                              ', 4900);
INSERT INTO wares (id_wares, id_vendor, id_type_wares, naim_wares, price_wares) VALUES (697, 8, 15, '                              ', 13600);
INSERT INTO wares (id_wares, id_vendor, id_type_wares, naim_wares, price_wares) VALUES (698, 1, 15, '                              ', 15900);
INSERT INTO wares (id_wares, id_vendor, id_type_wares, naim_wares, price_wares) VALUES (699, 2, 15, '                              ', 14900);
INSERT INTO wares (id_wares, id_vendor, id_type_wares, naim_wares, price_wares) VALUES (700, 3, 15, '                              ', 8800);
INSERT INTO wares (id_wares, id_vendor, id_type_wares, naim_wares, price_wares) VALUES (701, 4, 15, '                              ', 11400);
INSERT INTO wares (id_wares, id_vendor, id_type_wares, naim_wares, price_wares) VALUES (702, 5, 15, '                              ', 15500);
INSERT INTO wares (id_wares, id_vendor, id_type_wares, naim_wares, price_wares) VALUES (703, 6, 15, '                              ', 8700);
INSERT INTO wares (id_wares, id_vendor, id_type_wares, naim_wares, price_wares) VALUES (704, 7, 15, '                              ', 4000);
INSERT INTO wares (id_wares, id_vendor, id_type_wares, naim_wares, price_wares) VALUES (705, 8, 15, '                              ', 4900);
INSERT INTO wares (id_wares, id_vendor, id_type_wares, naim_wares, price_wares) VALUES (706, 1, 15, '                              ', 14900);
INSERT INTO wares (id_wares, id_vendor, id_type_wares, naim_wares, price_wares) VALUES (707, 2, 15, '                              ', 4100);
INSERT INTO wares (id_wares, id_vendor, id_type_wares, naim_wares, price_wares) VALUES (708, 3, 15, '                              ', 11600);
INSERT INTO wares (id_wares, id_vendor, id_type_wares, naim_wares, price_wares) VALUES (709, 4, 15, '                              ', 7200);
INSERT INTO wares (id_wares, id_vendor, id_type_wares, naim_wares, price_wares) VALUES (710, 5, 15, '                              ', 5300);
INSERT INTO wares (id_wares, id_vendor, id_type_wares, naim_wares, price_wares) VALUES (711, 6, 15, '                              ', 14500);
INSERT INTO wares (id_wares, id_vendor, id_type_wares, naim_wares, price_wares) VALUES (712, 7, 15, '                              ', 2500);
INSERT INTO wares (id_wares, id_vendor, id_type_wares, naim_wares, price_wares) VALUES (713, 8, 15, '                              ', 13000);
INSERT INTO wares (id_wares, id_vendor, id_type_wares, naim_wares, price_wares) VALUES (714, 1, 15, '                              ', 2600);
INSERT INTO wares (id_wares, id_vendor, id_type_wares, naim_wares, price_wares) VALUES (715, 2, 15, '                              ', 11100);
INSERT INTO wares (id_wares, id_vendor, id_type_wares, naim_wares, price_wares) VALUES (716, 3, 15, '                              ', 6900);
INSERT INTO wares (id_wares, id_vendor, id_type_wares, naim_wares, price_wares) VALUES (717, 4, 15, '                              ', 14700);
INSERT INTO wares (id_wares, id_vendor, id_type_wares, naim_wares, price_wares) VALUES (718, 5, 15, '                              ', 8000);
INSERT INTO wares (id_wares, id_vendor, id_type_wares, naim_wares, price_wares) VALUES (719, 6, 15, '                              ', 14000);
INSERT INTO wares (id_wares, id_vendor, id_type_wares, naim_wares, price_wares) VALUES (720, 7, 15, '                              ', 4900);
INSERT INTO wares (id_wares, id_vendor, id_type_wares, naim_wares, price_wares) VALUES (721, 8, 15, '                              ', 5800);
INSERT INTO wares (id_wares, id_vendor, id_type_wares, naim_wares, price_wares) VALUES (722, 1, 15, '                              ', 15300);
INSERT INTO wares (id_wares, id_vendor, id_type_wares, naim_wares, price_wares) VALUES (723, 2, 15, '                              ', 5300);
INSERT INTO wares (id_wares, id_vendor, id_type_wares, naim_wares, price_wares) VALUES (724, 3, 15, '                              ', 4900);
INSERT INTO wares (id_wares, id_vendor, id_type_wares, naim_wares, price_wares) VALUES (725, 4, 15, '                              ', 3400);
INSERT INTO wares (id_wares, id_vendor, id_type_wares, naim_wares, price_wares) VALUES (726, 5, 15, '                              ', 8700);
INSERT INTO wares (id_wares, id_vendor, id_type_wares, naim_wares, price_wares) VALUES (727, 6, 15, '                              ', 2900);
INSERT INTO wares (id_wares, id_vendor, id_type_wares, naim_wares, price_wares) VALUES (728, 7, 15, '                              ', 7900);
INSERT INTO wares (id_wares, id_vendor, id_type_wares, naim_wares, price_wares) VALUES (729, 8, 15, '                              ', 2000);

INSERT INTO realizations (id_wares, id_pers, date_realiz, num_realiz, sum_realiz, pc_discount, price) VALUES (532, 149, '2012-01-08', 2, 18810, 5, 9900);
INSERT INTO realizations (id_wares, id_pers, date_realiz, num_realiz, sum_realiz, pc_discount, price) VALUES (532, 156, '2012-02-05', 1, 8910, 10, 9900);
INSERT INTO realizations (id_wares, id_pers, date_realiz, num_realiz, sum_realiz, pc_discount, price) VALUES (533, 139, '2012-01-08', 1, 15485, 5, 16300);
INSERT INTO realizations (id_wares, id_pers, date_realiz, num_realiz, sum_realiz, pc_discount, price) VALUES (534, 121, '2012-02-09', 1, 2880, 20, 3600);
INSERT INTO realizations (id_wares, id_pers, date_realiz, num_realiz, sum_realiz, pc_discount, price) VALUES (536, 139, '2012-02-12', 1, 1980, 10, 2200);
INSERT INTO realizations (id_wares, id_pers, date_realiz, num_realiz, sum_realiz, pc_discount, price) VALUES (536, 121, '2012-01-11', 1, 2090, 5, 2200);
INSERT INTO realizations (id_wares, id_pers, date_realiz, num_realiz, sum_realiz, pc_discount, price) VALUES (537, 132, '2012-01-09', 1, 3060, 10, 3400);
INSERT INTO realizations (id_wares, id_pers, date_realiz, num_realiz, sum_realiz, pc_discount, price) VALUES (540, 142, '2012-02-05', 1, 7220, 5, 7600);
INSERT INTO realizations (id_wares, id_pers, date_realiz, num_realiz, sum_realiz, pc_discount, price) VALUES (544, 128, '2012-01-24', 1, 10160, 20, 12700);
INSERT INTO realizations (id_wares, id_pers, date_realiz, num_realiz, sum_realiz, pc_discount, price) VALUES (547, 125, '2012-02-29', 1, 2430, 10, 2700);
INSERT INTO realizations (id_wares, id_pers, date_realiz, num_realiz, sum_realiz, pc_discount, price) VALUES (548, 153, '2012-02-01', 1, 2375, 5, 2500);
INSERT INTO realizations (id_wares, id_pers, date_realiz, num_realiz, sum_realiz, pc_discount, price) VALUES (548, 121, '2012-02-09', 1, 2250, 10, 2500);
INSERT INTO realizations (id_wares, id_pers, date_realiz, num_realiz, sum_realiz, pc_discount, price) VALUES (549, 130, '2012-01-02', 1, 9500, 5, 10000);
INSERT INTO realizations (id_wares, id_pers, date_realiz, num_realiz, sum_realiz, pc_discount, price) VALUES (549, 142, '2012-02-28', 1, 9000, 10, 10000);
INSERT INTO realizations (id_wares, id_pers, date_realiz, num_realiz, sum_realiz, pc_discount, price) VALUES (552, 125, '2012-01-12', 1, 10355, 5, 10900);
INSERT INTO realizations (id_wares, id_pers, date_realiz, num_realiz, sum_realiz, pc_discount, price) VALUES (552, 139, '2012-02-16', 1, 8720, 20, 10900);
INSERT INTO realizations (id_wares, id_pers, date_realiz, num_realiz, sum_realiz, pc_discount, price) VALUES (554, 137, '2012-02-04', 1, 13280, 20, 16600);
INSERT INTO realizations (id_wares, id_pers, date_realiz, num_realiz, sum_realiz, pc_discount, price) VALUES (554, 142, '2012-01-08', 1, 15770, 5, 16600);
INSERT INTO realizations (id_wares, id_pers, date_realiz, num_realiz, sum_realiz, pc_discount, price) VALUES (559, 146, '2012-01-31', 1, 4845, 5, 5100);
INSERT INTO realizations (id_wares, id_pers, date_realiz, num_realiz, sum_realiz, pc_discount, price) VALUES (559, 153, '2012-02-21', 1, 4845, 5, 5100);
INSERT INTO realizations (id_wares, id_pers, date_realiz, num_realiz, sum_realiz, pc_discount, price) VALUES (560, 153, '2012-02-10', 1, 7790, 5, 8200);
INSERT INTO realizations (id_wares, id_pers, date_realiz, num_realiz, sum_realiz, pc_discount, price) VALUES (560, 128, '2012-02-02', 1, 7790, 5, 8200);
INSERT INTO realizations (id_wares, id_pers, date_realiz, num_realiz, sum_realiz, pc_discount, price) VALUES (561, 123, '2012-01-27', 1, 5130, 5, 5400);
INSERT INTO realizations (id_wares, id_pers, date_realiz, num_realiz, sum_realiz, pc_discount, price) VALUES (563, 142, '2012-02-07', 1, 9025, 5, 9500);
INSERT INTO realizations (id_wares, id_pers, date_realiz, num_realiz, sum_realiz, pc_discount, price) VALUES (564, 153, '2012-01-11', 1, 3705, 5, 3900);
INSERT INTO realizations (id_wares, id_pers, date_realiz, num_realiz, sum_realiz, pc_discount, price) VALUES (564, 151, '2012-01-06', 1, 3705, 5, 3900);
INSERT INTO realizations (id_wares, id_pers, date_realiz, num_realiz, sum_realiz, pc_discount, price) VALUES (566, 132, '2012-02-05', 1, 3895, 5, 4100);
INSERT INTO realizations (id_wares, id_pers, date_realiz, num_realiz, sum_realiz, pc_discount, price) VALUES (566, 123, '2012-01-27', 1, 3690, 10, 4100);
INSERT INTO realizations (id_wares, id_pers, date_realiz, num_realiz, sum_realiz, pc_discount, price) VALUES (567, 142, '2012-01-20', 1, 8550, 10, 9500);
INSERT INTO realizations (id_wares, id_pers, date_realiz, num_realiz, sum_realiz, pc_discount, price) VALUES (567, 156, '2012-02-05', 1, 9025, 5, 9500);
INSERT INTO realizations (id_wares, id_pers, date_realiz, num_realiz, sum_realiz, pc_discount, price) VALUES (568, 139, '2012-01-28', 1, 8075, 5, 8500);
INSERT INTO realizations (id_wares, id_pers, date_realiz, num_realiz, sum_realiz, pc_discount, price) VALUES (568, 146, '2012-01-14', 1, 8075, 5, 8500);
INSERT INTO realizations (id_wares, id_pers, date_realiz, num_realiz, sum_realiz, pc_discount, price) VALUES (568, 123, '2012-02-28', 2, 15300, 10, 8500);
INSERT INTO realizations (id_wares, id_pers, date_realiz, num_realiz, sum_realiz, pc_discount, price) VALUES (569, 137, '2012-01-22', 1, 9120, 5, 9600);
INSERT INTO realizations (id_wares, id_pers, date_realiz, num_realiz, sum_realiz, pc_discount, price) VALUES (570, 139, '2012-02-15', 1, 13205, 5, 13900);
INSERT INTO realizations (id_wares, id_pers, date_realiz, num_realiz, sum_realiz, pc_discount, price) VALUES (572, 142, '2012-01-08', 1, 14250, 5, 15000);
INSERT INTO realizations (id_wares, id_pers, date_realiz, num_realiz, sum_realiz, pc_discount, price) VALUES (574, 149, '2012-01-30', 1, 4750, 5, 5000);
INSERT INTO realizations (id_wares, id_pers, date_realiz, num_realiz, sum_realiz, pc_discount, price) VALUES (582, 153, '2012-02-10', 1, 6460, 5, 6800);
INSERT INTO realizations (id_wares, id_pers, date_realiz, num_realiz, sum_realiz, pc_discount, price) VALUES (582, 123, '2012-01-29', 1, 6460, 5, 6800);
INSERT INTO realizations (id_wares, id_pers, date_realiz, num_realiz, sum_realiz, pc_discount, price) VALUES (584, 132, '2012-02-12', 2, 21090, 5, 11100);
INSERT INTO realizations (id_wares, id_pers, date_realiz, num_realiz, sum_realiz, pc_discount, price) VALUES (584, 123, '2012-01-28', 1, 10545, 5, 11100);
INSERT INTO realizations (id_wares, id_pers, date_realiz, num_realiz, sum_realiz, pc_discount, price) VALUES (588, 146, '2012-01-12', 2, 6300, 10, 3500);
INSERT INTO realizations (id_wares, id_pers, date_realiz, num_realiz, sum_realiz, pc_discount, price) VALUES (592, 137, '2012-01-24', 1, 7380, 10, 8200);
INSERT INTO realizations (id_wares, id_pers, date_realiz, num_realiz, sum_realiz, pc_discount, price) VALUES (593, 122, '2012-01-14', 1, 9540, 10, 10600);
INSERT INTO realizations (id_wares, id_pers, date_realiz, num_realiz, sum_realiz, pc_discount, price) VALUES (595, 136, '2012-02-25', 1, 7830, 10, 8700);
INSERT INTO realizations (id_wares, id_pers, date_realiz, num_realiz, sum_realiz, pc_discount, price) VALUES (603, 125, '2012-02-16', 1, 6270, 5, 6600);
INSERT INTO realizations (id_wares, id_pers, date_realiz, num_realiz, sum_realiz, pc_discount, price) VALUES (605, 129, '2012-01-12', 1, 10165, 5, 10700);
INSERT INTO realizations (id_wares, id_pers, date_realiz, num_realiz, sum_realiz, pc_discount, price) VALUES (605, 159, '2012-02-04', 2, 20330, 5, 10700);
INSERT INTO realizations (id_wares, id_pers, date_realiz, num_realiz, sum_realiz, pc_discount, price) VALUES (606, 153, '2012-01-22', 1, 3135, 5, 3300);
INSERT INTO realizations (id_wares, id_pers, date_realiz, num_realiz, sum_realiz, pc_discount, price) VALUES (606, 143, '2012-02-18', 1, 3135, 5, 3300);
INSERT INTO realizations (id_wares, id_pers, date_realiz, num_realiz, sum_realiz, pc_discount, price) VALUES (609, 129, '2012-01-04', 1, 6880, 20, 8600);
INSERT INTO realizations (id_wares, id_pers, date_realiz, num_realiz, sum_realiz, pc_discount, price) VALUES (613, 159, '2012-01-03', 1, 15390, 5, 16200);
INSERT INTO realizations (id_wares, id_pers, date_realiz, num_realiz, sum_realiz, pc_discount, price) VALUES (615, 132, '2012-02-10', 1, 9880, 5, 10400);
INSERT INTO realizations (id_wares, id_pers, date_realiz, num_realiz, sum_realiz, pc_discount, price) VALUES (616, 157, '2012-02-21', 1, 7600, 5, 8000);
INSERT INTO realizations (id_wares, id_pers, date_realiz, num_realiz, sum_realiz, pc_discount, price) VALUES (618, 125, '2012-01-25', 1, 14725, 5, 15500);
INSERT INTO realizations (id_wares, id_pers, date_realiz, num_realiz, sum_realiz, pc_discount, price) VALUES (618, 146, '2012-02-21', 1, 14725, 5, 15500);
INSERT INTO realizations (id_wares, id_pers, date_realiz, num_realiz, sum_realiz, pc_discount, price) VALUES (618, 137, '2012-01-01', 1, 14725, 5, 15500);
INSERT INTO realizations (id_wares, id_pers, date_realiz, num_realiz, sum_realiz, pc_discount, price) VALUES (618, 159, '2012-02-04', 1, 14725, 5, 15500);
INSERT INTO realizations (id_wares, id_pers, date_realiz, num_realiz, sum_realiz, pc_discount, price) VALUES (620, 157, '2012-02-22', 1, 12635, 5, 13300);
INSERT INTO realizations (id_wares, id_pers, date_realiz, num_realiz, sum_realiz, pc_discount, price) VALUES (622, 159, '2012-01-16', 1, 15295, 5, 16100);
INSERT INTO realizations (id_wares, id_pers, date_realiz, num_realiz, sum_realiz, pc_discount, price) VALUES (623, 146, '2012-02-09', 1, 11250, 10, 12500);
INSERT INTO realizations (id_wares, id_pers, date_realiz, num_realiz, sum_realiz, pc_discount, price) VALUES (623, 122, '2012-02-13', 1, 10000, 20, 12500);
INSERT INTO realizations (id_wares, id_pers, date_realiz, num_realiz, sum_realiz, pc_discount, price) VALUES (623, 129, '2012-02-16', 1, 11875, 5, 12500);
INSERT INTO realizations (id_wares, id_pers, date_realiz, num_realiz, sum_realiz, pc_discount, price) VALUES (623, 159, '2012-01-28', 1, 11250, 10, 12500);
INSERT INTO realizations (id_wares, id_pers, date_realiz, num_realiz, sum_realiz, pc_discount, price) VALUES (624, 130, '2012-02-02', 1, 5760, 10, 6400);
INSERT INTO realizations (id_wares, id_pers, date_realiz, num_realiz, sum_realiz, pc_discount, price) VALUES (625, 151, '2012-02-15', 1, 9040, 20, 11300);
INSERT INTO realizations (id_wares, id_pers, date_realiz, num_realiz, sum_realiz, pc_discount, price) VALUES (626, 138, '2012-02-04', 1, 8930, 5, 9400);
INSERT INTO realizations (id_wares, id_pers, date_realiz, num_realiz, sum_realiz, pc_discount, price) VALUES (630, 131, '2012-01-30', 1, 12640, 20, 15800);
INSERT INTO realizations (id_wares, id_pers, date_realiz, num_realiz, sum_realiz, pc_discount, price) VALUES (631, 158, '2012-01-05', 1, 5415, 5, 5700);
INSERT INTO realizations (id_wares, id_pers, date_realiz, num_realiz, sum_realiz, pc_discount, price) VALUES (635, 127, '2012-01-21', 1, 4940, 5, 5200);
INSERT INTO realizations (id_wares, id_pers, date_realiz, num_realiz, sum_realiz, pc_discount, price) VALUES (637, 158, '2012-02-13', 1, 3895, 5, 4100);
INSERT INTO realizations (id_wares, id_pers, date_realiz, num_realiz, sum_realiz, pc_discount, price) VALUES (639, 124, '2012-01-02', 1, 2400, 20, 3000);
INSERT INTO realizations (id_wares, id_pers, date_realiz, num_realiz, sum_realiz, pc_discount, price) VALUES (639, 148, '2012-01-18', 1, 2850, 5, 3000);
INSERT INTO realizations (id_wares, id_pers, date_realiz, num_realiz, sum_realiz, pc_discount, price) VALUES (641, 131, '2012-01-03', 1, 4845, 5, 5100);
INSERT INTO realizations (id_wares, id_pers, date_realiz, num_realiz, sum_realiz, pc_discount, price) VALUES (642, 147, '2012-01-05', 1, 5510, 5, 5800);
INSERT INTO realizations (id_wares, id_pers, date_realiz, num_realiz, sum_realiz, pc_discount, price) VALUES (644, 154, '2012-01-19', 1, 4140, 10, 4600);
INSERT INTO realizations (id_wares, id_pers, date_realiz, num_realiz, sum_realiz, pc_discount, price) VALUES (651, 154, '2012-01-11', 1, 5310, 10, 5900);
INSERT INTO realizations (id_wares, id_pers, date_realiz, num_realiz, sum_realiz, pc_discount, price) VALUES (654, 138, '2012-01-31', 1, 14250, 5, 15000);
INSERT INTO realizations (id_wares, id_pers, date_realiz, num_realiz, sum_realiz, pc_discount, price) VALUES (654, 155, '2012-02-13', 1, 14250, 5, 15000);
INSERT INTO realizations (id_wares, id_pers, date_realiz, num_realiz, sum_realiz, pc_discount, price) VALUES (657, 126, '2012-02-19', 1, 13965, 5, 14700);
INSERT INTO realizations (id_wares, id_pers, date_realiz, num_realiz, sum_realiz, pc_discount, price) VALUES (657, 133, '2012-02-21', 1, 13965, 5, 14700);
INSERT INTO realizations (id_wares, id_pers, date_realiz, num_realiz, sum_realiz, pc_discount, price) VALUES (658, 131, '2012-01-08', 1, 2470, 5, 2600);
INSERT INTO realizations (id_wares, id_pers, date_realiz, num_realiz, sum_realiz, pc_discount, price) VALUES (658, 152, '2012-02-16', 1, 2470, 5, 2600);
INSERT INTO realizations (id_wares, id_pers, date_realiz, num_realiz, sum_realiz, pc_discount, price) VALUES (660, 160, '2012-02-01', 1, 12350, 5, 13000);
INSERT INTO realizations (id_wares, id_pers, date_realiz, num_realiz, sum_realiz, pc_discount, price) VALUES (661, 160, '2012-01-15', 1, 7790, 5, 8200);
INSERT INTO realizations (id_wares, id_pers, date_realiz, num_realiz, sum_realiz, pc_discount, price) VALUES (662, 154, '2012-01-15', 1, 6650, 5, 7000);
INSERT INTO realizations (id_wares, id_pers, date_realiz, num_realiz, sum_realiz, pc_discount, price) VALUES (662, 138, '2012-01-22', 1, 6650, 5, 7000);
INSERT INTO realizations (id_wares, id_pers, date_realiz, num_realiz, sum_realiz, pc_discount, price) VALUES (662, 141, '2012-02-02', 1, 6650, 5, 7000);
INSERT INTO realizations (id_wares, id_pers, date_realiz, num_realiz, sum_realiz, pc_discount, price) VALUES (663, 126, '2012-01-10', 1, 7790, 5, 8200);
INSERT INTO realizations (id_wares, id_pers, date_realiz, num_realiz, sum_realiz, pc_discount, price) VALUES (664, 141, '2012-02-05', 1, 2660, 5, 2800);
INSERT INTO realizations (id_wares, id_pers, date_realiz, num_realiz, sum_realiz, pc_discount, price) VALUES (666, 140, '2012-02-29', 1, 6080, 5, 6400);
INSERT INTO realizations (id_wares, id_pers, date_realiz, num_realiz, sum_realiz, pc_discount, price) VALUES (666, 148, '2012-01-17', 1, 6080, 5, 6400);
INSERT INTO realizations (id_wares, id_pers, date_realiz, num_realiz, sum_realiz, pc_discount, price) VALUES (667, 147, '2012-02-27', 1, 5225, 5, 5500);
INSERT INTO realizations (id_wares, id_pers, date_realiz, num_realiz, sum_realiz, pc_discount, price) VALUES (667, 152, '2012-01-23', 1, 5225, 5, 5500);
INSERT INTO realizations (id_wares, id_pers, date_realiz, num_realiz, sum_realiz, pc_discount, price) VALUES (667, 160, '2012-01-04', 1, 4950, 10, 5500);
INSERT INTO realizations (id_wares, id_pers, date_realiz, num_realiz, sum_realiz, pc_discount, price) VALUES (668, 138, '2012-02-26', 1, 12540, 5, 13200);
INSERT INTO realizations (id_wares, id_pers, date_realiz, num_realiz, sum_realiz, pc_discount, price) VALUES (668, 160, '2012-02-07', 1, 12540, 5, 13200);
INSERT INTO realizations (id_wares, id_pers, date_realiz, num_realiz, sum_realiz, pc_discount, price) VALUES (670, 154, '2012-01-16', 1, 14440, 5, 15200);
INSERT INTO realizations (id_wares, id_pers, date_realiz, num_realiz, sum_realiz, pc_discount, price) VALUES (672, 126, '2012-01-15', 1, 15580, 5, 16400);
INSERT INTO realizations (id_wares, id_pers, date_realiz, num_realiz, sum_realiz, pc_discount, price) VALUES (672, 138, '2012-02-26', 1, 14760, 10, 16400);
INSERT INTO realizations (id_wares, id_pers, date_realiz, num_realiz, sum_realiz, pc_discount, price) VALUES (673, 138, '2012-01-10', 1, 9000, 10, 10000);
INSERT INTO realizations (id_wares, id_pers, date_realiz, num_realiz, sum_realiz, pc_discount, price) VALUES (676, 127, '2012-01-08', 1, 7020, 10, 7800);
INSERT INTO realizations (id_wares, id_pers, date_realiz, num_realiz, sum_realiz, pc_discount, price) VALUES (677, 124, '2012-02-04', 1, 13015, 5, 13700);
INSERT INTO realizations (id_wares, id_pers, date_realiz, num_realiz, sum_realiz, pc_discount, price) VALUES (679, 127, '2012-01-08', 1, 1900, 5, 2000);
INSERT INTO realizations (id_wares, id_pers, date_realiz, num_realiz, sum_realiz, pc_discount, price) VALUES (685, 138, '2012-01-22', 1, 13590, 10, 15100);
INSERT INTO realizations (id_wares, id_pers, date_realiz, num_realiz, sum_realiz, pc_discount, price) VALUES (685, 148, '2012-02-05', 2, 27180, 10, 15100);
INSERT INTO realizations (id_wares, id_pers, date_realiz, num_realiz, sum_realiz, pc_discount, price) VALUES (687, 160, '2012-02-18', 1, 5985, 5, 6300);
INSERT INTO realizations (id_wares, id_pers, date_realiz, num_realiz, sum_realiz, pc_discount, price) VALUES (687, 134, '2012-02-20', 1, 5985, 5, 6300);
INSERT INTO realizations (id_wares, id_pers, date_realiz, num_realiz, sum_realiz, pc_discount, price) VALUES (688, 140, '2012-01-04', 1, 3135, 5, 3300);
INSERT INTO realizations (id_wares, id_pers, date_realiz, num_realiz, sum_realiz, pc_discount, price) VALUES (688, 131, '2012-02-10', 1, 2640, 20, 3300);
INSERT INTO realizations (id_wares, id_pers, date_realiz, num_realiz, sum_realiz, pc_discount, price) VALUES (688, 141, '2012-01-04', 1, 3135, 5, 3300);
INSERT INTO realizations (id_wares, id_pers, date_realiz, num_realiz, sum_realiz, pc_discount, price) VALUES (692, 131, '2012-02-17', 1, 6745, 5, 7100);
INSERT INTO realizations (id_wares, id_pers, date_realiz, num_realiz, sum_realiz, pc_discount, price) VALUES (693, 131, '2012-01-27', 1, 2880, 10, 3200);
INSERT INTO realizations (id_wares, id_pers, date_realiz, num_realiz, sum_realiz, pc_discount, price) VALUES (694, 126, '2012-01-22', 1, 15200, 5, 16000);
INSERT INTO realizations (id_wares, id_pers, date_realiz, num_realiz, sum_realiz, pc_discount, price) VALUES (694, 152, '2012-02-19', 1, 14400, 10, 16000);
INSERT INTO realizations (id_wares, id_pers, date_realiz, num_realiz, sum_realiz, pc_discount, price) VALUES (695, 148, '2012-02-06', 1, 1995, 5, 2100);
INSERT INTO realizations (id_wares, id_pers, date_realiz, num_realiz, sum_realiz, pc_discount, price) VALUES (699, 126, '2012-02-22', 1, 14155, 5, 14900);
INSERT INTO realizations (id_wares, id_pers, date_realiz, num_realiz, sum_realiz, pc_discount, price) VALUES (699, 124, '2012-01-02', 1, 13410, 10, 14900);
INSERT INTO realizations (id_wares, id_pers, date_realiz, num_realiz, sum_realiz, pc_discount, price) VALUES (699, 138, '2012-01-14', 1, 14155, 5, 14900);
INSERT INTO realizations (id_wares, id_pers, date_realiz, num_realiz, sum_realiz, pc_discount, price) VALUES (699, 152, '2012-02-22', 1, 11920, 20, 14900);
INSERT INTO realizations (id_wares, id_pers, date_realiz, num_realiz, sum_realiz, pc_discount, price) VALUES (701, 126, '2012-02-05', 1, 10260, 10, 11400);
INSERT INTO realizations (id_wares, id_pers, date_realiz, num_realiz, sum_realiz, pc_discount, price) VALUES (701, 154, '2012-02-24', 1, 10830, 5, 11400);
INSERT INTO realizations (id_wares, id_pers, date_realiz, num_realiz, sum_realiz, pc_discount, price) VALUES (706, 147, '2012-02-03', 1, 14155, 5, 14900);
INSERT INTO realizations (id_wares, id_pers, date_realiz, num_realiz, sum_realiz, pc_discount, price) VALUES (708, 120, '2012-01-17', 1, 11020, 5, 11600);
INSERT INTO realizations (id_wares, id_pers, date_realiz, num_realiz, sum_realiz, pc_discount, price) VALUES (711, 124, '2012-01-21', 1, 13050, 10, 14500);
INSERT INTO realizations (id_wares, id_pers, date_realiz, num_realiz, sum_realiz, pc_discount, price) VALUES (711, 160, '2012-01-10', 1, 13775, 5, 14500);
INSERT INTO realizations (id_wares, id_pers, date_realiz, num_realiz, sum_realiz, pc_discount, price) VALUES (712, 124, '2012-02-06', 1, 2375, 5, 2500);
INSERT INTO realizations (id_wares, id_pers, date_realiz, num_realiz, sum_realiz, pc_discount, price) VALUES (712, 155, '2012-01-07', 1, 2375, 5, 2500);
INSERT INTO realizations (id_wares, id_pers, date_realiz, num_realiz, sum_realiz, pc_discount, price) VALUES (714, 145, '2012-01-25', 1, 2470, 5, 2600);
INSERT INTO realizations (id_wares, id_pers, date_realiz, num_realiz, sum_realiz, pc_discount, price) VALUES (714, 141, '2012-01-19', 1, 2470, 5, 2600);
INSERT INTO realizations (id_wares, id_pers, date_realiz, num_realiz, sum_realiz, pc_discount, price) VALUES (715, 140, '2012-01-18', 1, 9990, 10, 11100);
INSERT INTO realizations (id_wares, id_pers, date_realiz, num_realiz, sum_realiz, pc_discount, price) VALUES (715, 124, '2012-01-24', 1, 10545, 5, 11100);
INSERT INTO realizations (id_wares, id_pers, date_realiz, num_realiz, sum_realiz, pc_discount, price) VALUES (719, 120, '2012-01-23', 1, 13300, 5, 14000);
INSERT INTO realizations (id_wares, id_pers, date_realiz, num_realiz, sum_realiz, pc_discount, price) VALUES (719, 127, '2012-01-25', 1, 13300, 5, 14000);
INSERT INTO realizations (id_wares, id_pers, date_realiz, num_realiz, sum_realiz, pc_discount, price) VALUES (721, 145, '2012-02-22', 1, 5510, 5, 5800);
INSERT INTO realizations (id_wares, id_pers, date_realiz, num_realiz, sum_realiz, pc_discount, price) VALUES (721, 127, '2012-02-10', 2, 10440, 10, 5800);
INSERT INTO realizations (id_wares, id_pers, date_realiz, num_realiz, sum_realiz, pc_discount, price) VALUES (723, 138, '2012-02-17', 1, 5035, 5, 5300);
INSERT INTO realizations (id_wares, id_pers, date_realiz, num_realiz, sum_realiz, pc_discount, price) VALUES (723, 160, '2012-01-23', 1, 5035, 5, 5300);
INSERT INTO realizations (id_wares, id_pers, date_realiz, num_realiz, sum_realiz, pc_discount, price) VALUES (727, 134, '2012-02-25', 1, 2755, 5, 2900);
INSERT INTO realizations (id_wares, id_pers, date_realiz, num_realiz, sum_realiz, pc_discount, price) VALUES (727, 155, '2012-02-11', 1, 2755, 5, 2900);
INSERT INTO realizations (id_wares, id_pers, date_realiz, num_realiz, sum_realiz, pc_discount, price) VALUES (728, 160, '2012-02-25', 1, 7505, 5, 7900);
INSERT INTO realizations (id_wares, id_pers, date_realiz, num_realiz, sum_realiz, pc_discount, price) VALUES (523, 139, '2012-02-12', 1, 13490, 5, 14200);
INSERT INTO realizations (id_wares, id_pers, date_realiz, num_realiz, sum_realiz, pc_discount, price) VALUES (528, 123, '2012-02-20', 1, 3420, 10, 3800);
INSERT INTO realizations (id_wares, id_pers, date_realiz, num_realiz, sum_realiz, pc_discount, price) VALUES (529, 144, '2012-01-28', 1, 8075, 5, 8500);
INSERT INTO realizations (id_wares, id_pers, date_realiz, num_realiz, sum_realiz, pc_discount, price) VALUES (532, 123, '2012-01-31', 2, 17820, 10, 9900);
INSERT INTO realizations (id_wares, id_pers, date_realiz, num_realiz, sum_realiz, pc_discount, price) VALUES (532, 135, '2012-01-26', 1, 8910, 10, 9900);
INSERT INTO realizations (id_wares, id_pers, date_realiz, num_realiz, sum_realiz, pc_discount, price) VALUES (533, 139, '2012-02-24', 1, 15485, 5, 16300);
INSERT INTO realizations (id_wares, id_pers, date_realiz, num_realiz, sum_realiz, pc_discount, price) VALUES (533, 146, '2012-02-09', 1, 15485, 5, 16300);
INSERT INTO realizations (id_wares, id_pers, date_realiz, num_realiz, sum_realiz, pc_discount, price) VALUES (534, 123, '2012-01-07', 1, 2880, 20, 3600);
INSERT INTO realizations (id_wares, id_pers, date_realiz, num_realiz, sum_realiz, pc_discount, price) VALUES (536, 125, '2012-01-07', 1, 2090, 5, 2200);
INSERT INTO realizations (id_wares, id_pers, date_realiz, num_realiz, sum_realiz, pc_discount, price) VALUES (537, 139, '2012-02-06', 1, 3060, 10, 3400);
INSERT INTO realizations (id_wares, id_pers, date_realiz, num_realiz, sum_realiz, pc_discount, price) VALUES (538, 125, '2012-01-28', 1, 9975, 5, 10500);
INSERT INTO realizations (id_wares, id_pers, date_realiz, num_realiz, sum_realiz, pc_discount, price) VALUES (538, 144, '2012-02-06', 1, 9450, 10, 10500);
INSERT INTO realizations (id_wares, id_pers, date_realiz, num_realiz, sum_realiz, pc_discount, price) VALUES (538, 121, '2012-01-10', 1, 9975, 5, 10500);
INSERT INTO realizations (id_wares, id_pers, date_realiz, num_realiz, sum_realiz, pc_discount, price) VALUES (539, 146, '2012-01-15', 1, 13140, 10, 14600);
INSERT INTO realizations (id_wares, id_pers, date_realiz, num_realiz, sum_realiz, pc_discount, price) VALUES (539, 135, '2012-01-25', 2, 27740, 5, 14600);
INSERT INTO realizations (id_wares, id_pers, date_realiz, num_realiz, sum_realiz, pc_discount, price) VALUES (539, 142, '2012-01-02', 1, 13870, 5, 14600);
INSERT INTO realizations (id_wares, id_pers, date_realiz, num_realiz, sum_realiz, pc_discount, price) VALUES (540, 153, '2012-02-15', 1, 6080, 20, 7600);
INSERT INTO realizations (id_wares, id_pers, date_realiz, num_realiz, sum_realiz, pc_discount, price) VALUES (544, 142, '2012-01-11', 1, 12065, 5, 12700);
INSERT INTO realizations (id_wares, id_pers, date_realiz, num_realiz, sum_realiz, pc_discount, price) VALUES (544, 156, '2012-02-25', 1, 12065, 5, 12700);
INSERT INTO realizations (id_wares, id_pers, date_realiz, num_realiz, sum_realiz, pc_discount, price) VALUES (547, 149, '2012-02-22', 2, 5130, 5, 2700);
INSERT INTO realizations (id_wares, id_pers, date_realiz, num_realiz, sum_realiz, pc_discount, price) VALUES (548, 121, '2012-01-16', 1, 2000, 20, 2500);
INSERT INTO realizations (id_wares, id_pers, date_realiz, num_realiz, sum_realiz, pc_discount, price) VALUES (548, 149, '2012-01-29', 1, 2375, 5, 2500);
INSERT INTO realizations (id_wares, id_pers, date_realiz, num_realiz, sum_realiz, pc_discount, price) VALUES (549, 128, '2012-01-23', 1, 9500, 5, 10000);
INSERT INTO realizations (id_wares, id_pers, date_realiz, num_realiz, sum_realiz, pc_discount, price) VALUES (549, 156, '2012-01-11', 1, 9000, 10, 10000);
INSERT INTO realizations (id_wares, id_pers, date_realiz, num_realiz, sum_realiz, pc_discount, price) VALUES (552, 125, '2012-01-24', 1, 9810, 10, 10900);
INSERT INTO realizations (id_wares, id_pers, date_realiz, num_realiz, sum_realiz, pc_discount, price) VALUES (552, 128, '2012-02-27', 1, 10355, 5, 10900);
INSERT INTO realizations (id_wares, id_pers, date_realiz, num_realiz, sum_realiz, pc_discount, price) VALUES (552, 142, '2012-01-24', 1, 8720, 20, 10900);
INSERT INTO realizations (id_wares, id_pers, date_realiz, num_realiz, sum_realiz, pc_discount, price) VALUES (553, 135, '2012-02-26', 1, 2850, 5, 3000);
INSERT INTO realizations (id_wares, id_pers, date_realiz, num_realiz, sum_realiz, pc_discount, price) VALUES (554, 153, '2012-01-09', 1, 15770, 5, 16600);
INSERT INTO realizations (id_wares, id_pers, date_realiz, num_realiz, sum_realiz, pc_discount, price) VALUES (561, 156, '2012-01-18', 1, 5130, 5, 5400);
INSERT INTO realizations (id_wares, id_pers, date_realiz, num_realiz, sum_realiz, pc_discount, price) VALUES (562, 137, '2012-01-10', 1, 7600, 5, 8000);
INSERT INTO realizations (id_wares, id_pers, date_realiz, num_realiz, sum_realiz, pc_discount, price) VALUES (562, 135, '2012-02-18', 1, 7600, 5, 8000);
INSERT INTO realizations (id_wares, id_pers, date_realiz, num_realiz, sum_realiz, pc_discount, price) VALUES (563, 128, '2012-02-20', 1, 9025, 5, 9500);
INSERT INTO realizations (id_wares, id_pers, date_realiz, num_realiz, sum_realiz, pc_discount, price) VALUES (566, 137, '2012-01-25', 1, 3895, 5, 4100);
INSERT INTO realizations (id_wares, id_pers, date_realiz, num_realiz, sum_realiz, pc_discount, price) VALUES (567, 135, '2012-02-16', 1, 8550, 10, 9500);
INSERT INTO realizations (id_wares, id_pers, date_realiz, num_realiz, sum_realiz, pc_discount, price) VALUES (568, 132, '2012-02-17', 1, 6800, 20, 8500);
INSERT INTO realizations (id_wares, id_pers, date_realiz, num_realiz, sum_realiz, pc_discount, price) VALUES (568, 149, '2012-02-14', 1, 8075, 5, 8500);
INSERT INTO realizations (id_wares, id_pers, date_realiz, num_realiz, sum_realiz, pc_discount, price) VALUES (569, 125, '2012-02-21', 1, 8640, 10, 9600);
INSERT INTO realizations (id_wares, id_pers, date_realiz, num_realiz, sum_realiz, pc_discount, price) VALUES (569, 123, '2012-02-06', 1, 9120, 5, 9600);
INSERT INTO realizations (id_wares, id_pers, date_realiz, num_realiz, sum_realiz, pc_discount, price) VALUES (569, 144, '2012-01-08', 1, 8640, 10, 9600);
INSERT INTO realizations (id_wares, id_pers, date_realiz, num_realiz, sum_realiz, pc_discount, price) VALUES (570, 146, '2012-01-26', 2, 26410, 5, 13900);
INSERT INTO realizations (id_wares, id_pers, date_realiz, num_realiz, sum_realiz, pc_discount, price) VALUES (571, 137, '2012-01-12', 1, 5310, 10, 5900);
INSERT INTO realizations (id_wares, id_pers, date_realiz, num_realiz, sum_realiz, pc_discount, price) VALUES (572, 142, '2012-01-15', 2, 28500, 5, 15000);
INSERT INTO realizations (id_wares, id_pers, date_realiz, num_realiz, sum_realiz, pc_discount, price) VALUES (582, 132, '2012-02-06', 1, 6460, 5, 6800);
INSERT INTO realizations (id_wares, id_pers, date_realiz, num_realiz, sum_realiz, pc_discount, price) VALUES (585, 146, '2012-01-04', 1, 14850, 10, 16500);
INSERT INTO realizations (id_wares, id_pers, date_realiz, num_realiz, sum_realiz, pc_discount, price) VALUES (587, 137, '2012-02-29', 1, 11495, 5, 12100);
INSERT INTO realizations (id_wares, id_pers, date_realiz, num_realiz, sum_realiz, pc_discount, price) VALUES (587, 150, '2012-02-11', 1, 11495, 5, 12100);
INSERT INTO realizations (id_wares, id_pers, date_realiz, num_realiz, sum_realiz, pc_discount, price) VALUES (590, 146, '2012-02-16', 1, 8740, 5, 9200);
INSERT INTO realizations (id_wares, id_pers, date_realiz, num_realiz, sum_realiz, pc_discount, price) VALUES (590, 144, '2012-02-20', 1, 8740, 5, 9200);
INSERT INTO realizations (id_wares, id_pers, date_realiz, num_realiz, sum_realiz, pc_discount, price) VALUES (592, 122, '2012-02-04', 1, 7790, 5, 8200);
INSERT INTO realizations (id_wares, id_pers, date_realiz, num_realiz, sum_realiz, pc_discount, price) VALUES (593, 146, '2012-02-01', 1, 10070, 5, 10600);
INSERT INTO realizations (id_wares, id_pers, date_realiz, num_realiz, sum_realiz, pc_discount, price) VALUES (593, 153, '2012-02-18', 1, 10070, 5, 10600);
INSERT INTO realizations (id_wares, id_pers, date_realiz, num_realiz, sum_realiz, pc_discount, price) VALUES (593, 130, '2012-01-09', 1, 10070, 5, 10600);
INSERT INTO realizations (id_wares, id_pers, date_realiz, num_realiz, sum_realiz, pc_discount, price) VALUES (595, 143, '2012-01-25', 2, 16530, 5, 8700);
INSERT INTO realizations (id_wares, id_pers, date_realiz, num_realiz, sum_realiz, pc_discount, price) VALUES (600, 139, '2012-01-29', 1, 7650, 10, 8500);
INSERT INTO realizations (id_wares, id_pers, date_realiz, num_realiz, sum_realiz, pc_discount, price) VALUES (602, 132, '2012-02-27', 1, 11875, 5, 12500);
INSERT INTO realizations (id_wares, id_pers, date_realiz, num_realiz, sum_realiz, pc_discount, price) VALUES (602, 137, '2012-01-16', 2, 23750, 5, 12500);
INSERT INTO realizations (id_wares, id_pers, date_realiz, num_realiz, sum_realiz, pc_discount, price) VALUES (603, 151, '2012-01-29', 1, 6270, 5, 6600);
INSERT INTO realizations (id_wares, id_pers, date_realiz, num_realiz, sum_realiz, pc_discount, price) VALUES (607, 159, '2012-02-10', 1, 4370, 5, 4600);
INSERT INTO realizations (id_wares, id_pers, date_realiz, num_realiz, sum_realiz, pc_discount, price) VALUES (609, 150, '2012-02-26', 1, 8170, 5, 8600);
INSERT INTO realizations (id_wares, id_pers, date_realiz, num_realiz, sum_realiz, pc_discount, price) VALUES (610, 157, '2012-01-05', 1, 13585, 5, 14300);
INSERT INTO realizations (id_wares, id_pers, date_realiz, num_realiz, sum_realiz, pc_discount, price) VALUES (615, 132, '2012-01-24', 1, 9360, 10, 10400);
INSERT INTO realizations (id_wares, id_pers, date_realiz, num_realiz, sum_realiz, pc_discount, price) VALUES (616, 146, '2012-01-12', 1, 6400, 20, 8000);
INSERT INTO realizations (id_wares, id_pers, date_realiz, num_realiz, sum_realiz, pc_discount, price) VALUES (618, 132, '2012-01-07', 1, 13950, 10, 15500);
INSERT INTO realizations (id_wares, id_pers, date_realiz, num_realiz, sum_realiz, pc_discount, price) VALUES (618, 150, '2012-02-24', 1, 13950, 10, 15500);
INSERT INTO realizations (id_wares, id_pers, date_realiz, num_realiz, sum_realiz, pc_discount, price) VALUES (622, 139, '2012-01-10', 1, 15295, 5, 16100);
INSERT INTO realizations (id_wares, id_pers, date_realiz, num_realiz, sum_realiz, pc_discount, price) VALUES (622, 137, '2012-01-30', 1, 15295, 5, 16100);
INSERT INTO realizations (id_wares, id_pers, date_realiz, num_realiz, sum_realiz, pc_discount, price) VALUES (624, 137, '2012-01-26', 1, 6080, 5, 6400);
INSERT INTO realizations (id_wares, id_pers, date_realiz, num_realiz, sum_realiz, pc_discount, price) VALUES (625, 137, '2012-02-20', 1, 10735, 5, 11300);
INSERT INTO realizations (id_wares, id_pers, date_realiz, num_realiz, sum_realiz, pc_discount, price) VALUES (626, 120, '2012-02-19', 1, 8930, 5, 9400);
INSERT INTO realizations (id_wares, id_pers, date_realiz, num_realiz, sum_realiz, pc_discount, price) VALUES (630, 134, '2012-01-21', 1, 15010, 5, 15800);
INSERT INTO realizations (id_wares, id_pers, date_realiz, num_realiz, sum_realiz, pc_discount, price) VALUES (631, 127, '2012-02-11', 1, 5415, 5, 5700);
INSERT INTO realizations (id_wares, id_pers, date_realiz, num_realiz, sum_realiz, pc_discount, price) VALUES (635, 126, '2012-01-23', 1, 4940, 5, 5200);
INSERT INTO realizations (id_wares, id_pers, date_realiz, num_realiz, sum_realiz, pc_discount, price) VALUES (637, 148, '2012-02-08', 1, 3280, 20, 4100);
INSERT INTO realizations (id_wares, id_pers, date_realiz, num_realiz, sum_realiz, pc_discount, price) VALUES (639, 120, '2012-01-18', 1, 2850, 5, 3000);
INSERT INTO realizations (id_wares, id_pers, date_realiz, num_realiz, sum_realiz, pc_discount, price) VALUES (640, 154, '2012-01-12', 1, 14060, 5, 14800);
INSERT INTO realizations (id_wares, id_pers, date_realiz, num_realiz, sum_realiz, pc_discount, price) VALUES (640, 158, '2012-02-01', 1, 14060, 5, 14800);
INSERT INTO realizations (id_wares, id_pers, date_realiz, num_realiz, sum_realiz, pc_discount, price) VALUES (641, 126, '2012-01-02', 1, 4590, 10, 5100);
INSERT INTO realizations (id_wares, id_pers, date_realiz, num_realiz, sum_realiz, pc_discount, price) VALUES (642, 148, '2012-01-11', 1, 5510, 5, 5800);
INSERT INTO realizations (id_wares, id_pers, date_realiz, num_realiz, sum_realiz, pc_discount, price) VALUES (645, 126, '2012-02-23', 1, 13775, 5, 14500);
INSERT INTO realizations (id_wares, id_pers, date_realiz, num_realiz, sum_realiz, pc_discount, price) VALUES (651, 145, '2012-02-24', 1, 5605, 5, 5900);
INSERT INTO realizations (id_wares, id_pers, date_realiz, num_realiz, sum_realiz, pc_discount, price) VALUES (651, 160, '2012-01-12', 1, 5310, 10, 5900);
INSERT INTO realizations (id_wares, id_pers, date_realiz, num_realiz, sum_realiz, pc_discount, price) VALUES (651, 120, '2012-01-10', 1, 5605, 5, 5900);
INSERT INTO realizations (id_wares, id_pers, date_realiz, num_realiz, sum_realiz, pc_discount, price) VALUES (654, 141, '2012-01-05', 2, 28500, 5, 15000);
INSERT INTO realizations (id_wares, id_pers, date_realiz, num_realiz, sum_realiz, pc_discount, price) VALUES (657, 120, '2012-02-27', 1, 13965, 5, 14700);
INSERT INTO realizations (id_wares, id_pers, date_realiz, num_realiz, sum_realiz, pc_discount, price) VALUES (660, 147, '2012-02-12', 1, 11700, 10, 13000);
INSERT INTO realizations (id_wares, id_pers, date_realiz, num_realiz, sum_realiz, pc_discount, price) VALUES (661, 154, '2012-02-29', 1, 7790, 5, 8200);
INSERT INTO realizations (id_wares, id_pers, date_realiz, num_realiz, sum_realiz, pc_discount, price) VALUES (661, 124, '2012-02-19', 1, 7380, 10, 8200);
INSERT INTO realizations (id_wares, id_pers, date_realiz, num_realiz, sum_realiz, pc_discount, price) VALUES (663, 160, '2012-01-10', 1, 7380, 10, 8200);
INSERT INTO realizations (id_wares, id_pers, date_realiz, num_realiz, sum_realiz, pc_discount, price) VALUES (664, 145, '2012-01-13', 1, 2660, 5, 2800);
INSERT INTO realizations (id_wares, id_pers, date_realiz, num_realiz, sum_realiz, pc_discount, price) VALUES (664, 155, '2012-02-26', 1, 2240, 20, 2800);
INSERT INTO realizations (id_wares, id_pers, date_realiz, num_realiz, sum_realiz, pc_discount, price) VALUES (666, 158, '2012-02-18', 1, 6080, 5, 6400);
INSERT INTO realizations (id_wares, id_pers, date_realiz, num_realiz, sum_realiz, pc_discount, price) VALUES (667, 160, '2012-02-27', 1, 5225, 5, 5500);
INSERT INTO realizations (id_wares, id_pers, date_realiz, num_realiz, sum_realiz, pc_discount, price) VALUES (667, 155, '2012-01-11', 1, 4400, 20, 5500);
INSERT INTO realizations (id_wares, id_pers, date_realiz, num_realiz, sum_realiz, pc_discount, price) VALUES (668, 147, '2012-02-02', 1, 12540, 5, 13200);
INSERT INTO realizations (id_wares, id_pers, date_realiz, num_realiz, sum_realiz, pc_discount, price) VALUES (668, 124, '2012-01-10', 1, 11880, 10, 13200);
INSERT INTO realizations (id_wares, id_pers, date_realiz, num_realiz, sum_realiz, pc_discount, price) VALUES (668, 155, '2012-01-27', 1, 11880, 10, 13200);
INSERT INTO realizations (id_wares, id_pers, date_realiz, num_realiz, sum_realiz, pc_discount, price) VALUES (670, 154, '2012-01-19', 1, 12160, 20, 15200);
INSERT INTO realizations (id_wares, id_pers, date_realiz, num_realiz, sum_realiz, pc_discount, price) VALUES (671, 154, '2012-01-20', 1, 14630, 5, 15400);
INSERT INTO realizations (id_wares, id_pers, date_realiz, num_realiz, sum_realiz, pc_discount, price) VALUES (672, 126, '2012-01-10', 1, 15580, 5, 16400);
INSERT INTO realizations (id_wares, id_pers, date_realiz, num_realiz, sum_realiz, pc_discount, price) VALUES (672, 148, '2012-02-17', 1, 15580, 5, 16400);
INSERT INTO realizations (id_wares, id_pers, date_realiz, num_realiz, sum_realiz, pc_discount, price) VALUES (673, 126, '2012-02-29', 1, 9500, 5, 10000);
INSERT INTO realizations (id_wares, id_pers, date_realiz, num_realiz, sum_realiz, pc_discount, price) VALUES (673, 138, '2012-02-04', 1, 9500, 5, 10000);
INSERT INTO realizations (id_wares, id_pers, date_realiz, num_realiz, sum_realiz, pc_discount, price) VALUES (674, 134, '2012-01-30', 1, 6000, 20, 7500);
INSERT INTO realizations (id_wares, id_pers, date_realiz, num_realiz, sum_realiz, pc_discount, price) VALUES (674, 141, '2012-02-02', 1, 7125, 5, 7500);
INSERT INTO realizations (id_wares, id_pers, date_realiz, num_realiz, sum_realiz, pc_discount, price) VALUES (681, 133, '2012-01-22', 1, 6080, 5, 6400);
INSERT INTO realizations (id_wares, id_pers, date_realiz, num_realiz, sum_realiz, pc_discount, price) VALUES (683, 145, '2012-01-13', 1, 11880, 10, 13200);
INSERT INTO realizations (id_wares, id_pers, date_realiz, num_realiz, sum_realiz, pc_discount, price) VALUES (685, 131, '2012-02-14', 1, 14345, 5, 15100);
INSERT INTO realizations (id_wares, id_pers, date_realiz, num_realiz, sum_realiz, pc_discount, price) VALUES (687, 124, '2012-02-15', 1, 5670, 10, 6300);
INSERT INTO realizations (id_wares, id_pers, date_realiz, num_realiz, sum_realiz, pc_discount, price) VALUES (687, 127, '2012-02-05', 1, 5985, 5, 6300);
INSERT INTO realizations (id_wares, id_pers, date_realiz, num_realiz, sum_realiz, pc_discount, price) VALUES (688, 160, '2012-01-11', 1, 2970, 10, 3300);
INSERT INTO realizations (id_wares, id_pers, date_realiz, num_realiz, sum_realiz, pc_discount, price) VALUES (690, 133, '2012-01-23', 1, 7315, 5, 7700);
INSERT INTO realizations (id_wares, id_pers, date_realiz, num_realiz, sum_realiz, pc_discount, price) VALUES (690, 140, '2012-02-06', 1, 7315, 5, 7700);
INSERT INTO realizations (id_wares, id_pers, date_realiz, num_realiz, sum_realiz, pc_discount, price) VALUES (690, 134, '2012-01-07', 1, 6930, 10, 7700);
INSERT INTO realizations (id_wares, id_pers, date_realiz, num_realiz, sum_realiz, pc_discount, price) VALUES (691, 134, '2012-02-10', 1, 10260, 5, 10800);
INSERT INTO realizations (id_wares, id_pers, date_realiz, num_realiz, sum_realiz, pc_discount, price) VALUES (692, 145, '2012-02-09', 1, 6745, 5, 7100);
INSERT INTO realizations (id_wares, id_pers, date_realiz, num_realiz, sum_realiz, pc_discount, price) VALUES (692, 160, '2012-02-09', 1, 6390, 10, 7100);
INSERT INTO realizations (id_wares, id_pers, date_realiz, num_realiz, sum_realiz, pc_discount, price) VALUES (693, 138, '2012-01-18', 1, 2560, 20, 3200);
INSERT INTO realizations (id_wares, id_pers, date_realiz, num_realiz, sum_realiz, pc_discount, price) VALUES (693, 148, '2012-02-14', 1, 2880, 10, 3200);
INSERT INTO realizations (id_wares, id_pers, date_realiz, num_realiz, sum_realiz, pc_discount, price) VALUES (694, 147, '2012-02-04', 2, 25600, 20, 16000);
INSERT INTO realizations (id_wares, id_pers, date_realiz, num_realiz, sum_realiz, pc_discount, price) VALUES (694, 152, '2012-02-28', 1, 15200, 5, 16000);
INSERT INTO realizations (id_wares, id_pers, date_realiz, num_realiz, sum_realiz, pc_discount, price) VALUES (696, 145, '2012-02-23', 1, 4410, 10, 4900);
INSERT INTO realizations (id_wares, id_pers, date_realiz, num_realiz, sum_realiz, pc_discount, price) VALUES (699, 158, '2012-01-24', 1, 14155, 5, 14900);
INSERT INTO realizations (id_wares, id_pers, date_realiz, num_realiz, sum_realiz, pc_discount, price) VALUES (699, 148, '2012-02-28', 1, 11920, 20, 14900);
INSERT INTO realizations (id_wares, id_pers, date_realiz, num_realiz, sum_realiz, pc_discount, price) VALUES (701, 145, '2012-02-25', 1, 10260, 10, 11400);
INSERT INTO realizations (id_wares, id_pers, date_realiz, num_realiz, sum_realiz, pc_discount, price) VALUES (706, 127, '2012-01-30', 1, 14155, 5, 14900);
INSERT INTO realizations (id_wares, id_pers, date_realiz, num_realiz, sum_realiz, pc_discount, price) VALUES (706, 141, '2012-02-01', 1, 14155, 5, 14900);
INSERT INTO realizations (id_wares, id_pers, date_realiz, num_realiz, sum_realiz, pc_discount, price) VALUES (708, 140, '2012-02-04', 1, 10440, 10, 11600);
INSERT INTO realizations (id_wares, id_pers, date_realiz, num_realiz, sum_realiz, pc_discount, price) VALUES (708, 141, '2012-02-02', 1, 11020, 5, 11600);
INSERT INTO realizations (id_wares, id_pers, date_realiz, num_realiz, sum_realiz, pc_discount, price) VALUES (708, 148, '2012-01-25', 1, 10440, 10, 11600);
INSERT INTO realizations (id_wares, id_pers, date_realiz, num_realiz, sum_realiz, pc_discount, price) VALUES (710, 145, '2012-01-12', 1, 5035, 5, 5300);
INSERT INTO realizations (id_wares, id_pers, date_realiz, num_realiz, sum_realiz, pc_discount, price) VALUES (710, 152, '2012-01-09', 1, 4770, 10, 5300);
INSERT INTO realizations (id_wares, id_pers, date_realiz, num_realiz, sum_realiz, pc_discount, price) VALUES (711, 147, '2012-01-03', 1, 13775, 5, 14500);
INSERT INTO realizations (id_wares, id_pers, date_realiz, num_realiz, sum_realiz, pc_discount, price) VALUES (714, 131, '2012-02-03', 1, 2470, 5, 2600);
INSERT INTO realizations (id_wares, id_pers, date_realiz, num_realiz, sum_realiz, pc_discount, price) VALUES (715, 147, '2012-01-22', 2, 19980, 10, 11100);
INSERT INTO realizations (id_wares, id_pers, date_realiz, num_realiz, sum_realiz, pc_discount, price) VALUES (719, 155, '2012-02-10', 1, 12600, 10, 14000);
INSERT INTO realizations (id_wares, id_pers, date_realiz, num_realiz, sum_realiz, pc_discount, price) VALUES (721, 133, '2012-02-13', 1, 5510, 5, 5800);
INSERT INTO realizations (id_wares, id_pers, date_realiz, num_realiz, sum_realiz, pc_discount, price) VALUES (721, 127, '2012-01-06', 1, 4640, 20, 5800);
INSERT INTO realizations (id_wares, id_pers, date_realiz, num_realiz, sum_realiz, pc_discount, price) VALUES (723, 126, '2012-02-29', 1, 4770, 10, 5300);
INSERT INTO realizations (id_wares, id_pers, date_realiz, num_realiz, sum_realiz, pc_discount, price) VALUES (724, 147, '2012-02-10', 1, 4655, 5, 4900);
INSERT INTO realizations (id_wares, id_pers, date_realiz, num_realiz, sum_realiz, pc_discount, price) VALUES (724, 124, '2012-02-07', 1, 4655, 5, 4900);
INSERT INTO realizations (id_wares, id_pers, date_realiz, num_realiz, sum_realiz, pc_discount, price) VALUES (526, 139, '2012-01-30', 1, 7980, 5, 8400);
INSERT INTO realizations (id_wares, id_pers, date_realiz, num_realiz, sum_realiz, pc_discount, price) VALUES (526, 142, '2012-02-05', 1, 6720, 20, 8400);
INSERT INTO realizations (id_wares, id_pers, date_realiz, num_realiz, sum_realiz, pc_discount, price) VALUES (528, 139, '2012-01-24', 1, 3610, 5, 3800);
INSERT INTO realizations (id_wares, id_pers, date_realiz, num_realiz, sum_realiz, pc_discount, price) VALUES (528, 135, '2012-01-07', 1, 3420, 10, 3800);
INSERT INTO realizations (id_wares, id_pers, date_realiz, num_realiz, sum_realiz, pc_discount, price) VALUES (532, 130, '2012-02-21', 1, 9405, 5, 9900);
INSERT INTO realizations (id_wares, id_pers, date_realiz, num_realiz, sum_realiz, pc_discount, price) VALUES (532, 149, '2012-02-13', 1, 9405, 5, 9900);
INSERT INTO realizations (id_wares, id_pers, date_realiz, num_realiz, sum_realiz, pc_discount, price) VALUES (532, 156, '2012-01-24', 1, 9405, 5, 9900);
INSERT INTO realizations (id_wares, id_pers, date_realiz, num_realiz, sum_realiz, pc_discount, price) VALUES (534, 132, '2012-01-06', 1, 2880, 20, 3600);
INSERT INTO realizations (id_wares, id_pers, date_realiz, num_realiz, sum_realiz, pc_discount, price) VALUES (536, 135, '2012-01-15', 1, 2090, 5, 2200);
INSERT INTO realizations (id_wares, id_pers, date_realiz, num_realiz, sum_realiz, pc_discount, price) VALUES (537, 137, '2012-01-23', 1, 3230, 5, 3400);
INSERT INTO realizations (id_wares, id_pers, date_realiz, num_realiz, sum_realiz, pc_discount, price) VALUES (541, 151, '2012-02-18', 1, 8740, 5, 9200);
INSERT INTO realizations (id_wares, id_pers, date_realiz, num_realiz, sum_realiz, pc_discount, price) VALUES (541, 149, '2012-01-26', 1, 8740, 5, 9200);
INSERT INTO realizations (id_wares, id_pers, date_realiz, num_realiz, sum_realiz, pc_discount, price) VALUES (544, 146, '2012-02-14', 1, 11430, 10, 12700);
INSERT INTO realizations (id_wares, id_pers, date_realiz, num_realiz, sum_realiz, pc_discount, price) VALUES (548, 130, '2012-01-09', 2, 4500, 10, 2500);
INSERT INTO realizations (id_wares, id_pers, date_realiz, num_realiz, sum_realiz, pc_discount, price) VALUES (549, 156, '2012-02-06', 1, 9500, 5, 10000);
INSERT INTO realizations (id_wares, id_pers, date_realiz, num_realiz, sum_realiz, pc_discount, price) VALUES (552, 137, '2012-01-09', 1, 9810, 10, 10900);
INSERT INTO realizations (id_wares, id_pers, date_realiz, num_realiz, sum_realiz, pc_discount, price) VALUES (552, 128, '2012-01-10', 1, 8720, 20, 10900);
INSERT INTO realizations (id_wares, id_pers, date_realiz, num_realiz, sum_realiz, pc_discount, price) VALUES (553, 128, '2012-02-15', 1, 2700, 10, 3000);
INSERT INTO realizations (id_wares, id_pers, date_realiz, num_realiz, sum_realiz, pc_discount, price) VALUES (554, 139, '2012-01-22', 1, 15770, 5, 16600);
INSERT INTO realizations (id_wares, id_pers, date_realiz, num_realiz, sum_realiz, pc_discount, price) VALUES (560, 135, '2012-01-10', 1, 7790, 5, 8200);
INSERT INTO realizations (id_wares, id_pers, date_realiz, num_realiz, sum_realiz, pc_discount, price) VALUES (562, 144, '2012-02-14', 1, 7600, 5, 8000);
INSERT INTO realizations (id_wares, id_pers, date_realiz, num_realiz, sum_realiz, pc_discount, price) VALUES (563, 139, '2012-01-07', 1, 9025, 5, 9500);
INSERT INTO realizations (id_wares, id_pers, date_realiz, num_realiz, sum_realiz, pc_discount, price) VALUES (563, 128, '2012-02-08', 1, 9025, 5, 9500);
INSERT INTO realizations (id_wares, id_pers, date_realiz, num_realiz, sum_realiz, pc_discount, price) VALUES (564, 128, '2012-01-31', 1, 3510, 10, 3900);
INSERT INTO realizations (id_wares, id_pers, date_realiz, num_realiz, sum_realiz, pc_discount, price) VALUES (565, 153, '2012-01-09', 1, 8455, 5, 8900);
INSERT INTO realizations (id_wares, id_pers, date_realiz, num_realiz, sum_realiz, pc_discount, price) VALUES (565, 144, '2012-02-06', 1, 8455, 5, 8900);
INSERT INTO realizations (id_wares, id_pers, date_realiz, num_realiz, sum_realiz, pc_discount, price) VALUES (565, 151, '2012-01-10', 1, 7120, 20, 8900);
INSERT INTO realizations (id_wares, id_pers, date_realiz, num_realiz, sum_realiz, pc_discount, price) VALUES (565, 156, '2012-02-14', 1, 8455, 5, 8900);
INSERT INTO realizations (id_wares, id_pers, date_realiz, num_realiz, sum_realiz, pc_discount, price) VALUES (567, 153, '2012-02-04', 1, 8550, 10, 9500);
INSERT INTO realizations (id_wares, id_pers, date_realiz, num_realiz, sum_realiz, pc_discount, price) VALUES (568, 137, '2012-01-26', 1, 8075, 5, 8500);
INSERT INTO realizations (id_wares, id_pers, date_realiz, num_realiz, sum_realiz, pc_discount, price) VALUES (572, 139, '2012-02-16', 1, 14250, 5, 15000);
INSERT INTO realizations (id_wares, id_pers, date_realiz, num_realiz, sum_realiz, pc_discount, price) VALUES (572, 123, '2012-02-01', 1, 12000, 20, 15000);
INSERT INTO realizations (id_wares, id_pers, date_realiz, num_realiz, sum_realiz, pc_discount, price) VALUES (572, 130, '2012-01-01', 1, 14250, 5, 15000);
INSERT INTO realizations (id_wares, id_pers, date_realiz, num_realiz, sum_realiz, pc_discount, price) VALUES (574, 149, '2012-01-21', 1, 4500, 10, 5000);
INSERT INTO realizations (id_wares, id_pers, date_realiz, num_realiz, sum_realiz, pc_discount, price) VALUES (582, 153, '2012-02-06', 1, 6460, 5, 6800);
INSERT INTO realizations (id_wares, id_pers, date_realiz, num_realiz, sum_realiz, pc_discount, price) VALUES (584, 125, '2012-02-28', 1, 9990, 10, 11100);
INSERT INTO realizations (id_wares, id_pers, date_realiz, num_realiz, sum_realiz, pc_discount, price) VALUES (584, 151, '2012-01-31', 1, 9990, 10, 11100);
INSERT INTO realizations (id_wares, id_pers, date_realiz, num_realiz, sum_realiz, pc_discount, price) VALUES (585, 149, '2012-02-04', 2, 31350, 5, 16500);
INSERT INTO realizations (id_wares, id_pers, date_realiz, num_realiz, sum_realiz, pc_discount, price) VALUES (587, 130, '2012-01-06', 2, 21780, 10, 12100);
INSERT INTO realizations (id_wares, id_pers, date_realiz, num_realiz, sum_realiz, pc_discount, price) VALUES (587, 151, '2012-01-25', 1, 11495, 5, 12100);
INSERT INTO realizations (id_wares, id_pers, date_realiz, num_realiz, sum_realiz, pc_discount, price) VALUES (590, 159, '2012-01-05', 1, 8740, 5, 9200);
INSERT INTO realizations (id_wares, id_pers, date_realiz, num_realiz, sum_realiz, pc_discount, price) VALUES (593, 139, '2012-02-22', 1, 8480, 20, 10600);
INSERT INTO realizations (id_wares, id_pers, date_realiz, num_realiz, sum_realiz, pc_discount, price) VALUES (595, 125, '2012-01-21', 1, 8265, 5, 8700);
INSERT INTO realizations (id_wares, id_pers, date_realiz, num_realiz, sum_realiz, pc_discount, price) VALUES (600, 143, '2012-01-27', 1, 6800, 20, 8500);
INSERT INTO realizations (id_wares, id_pers, date_realiz, num_realiz, sum_realiz, pc_discount, price) VALUES (602, 139, '2012-02-16', 1, 11875, 5, 12500);
INSERT INTO realizations (id_wares, id_pers, date_realiz, num_realiz, sum_realiz, pc_discount, price) VALUES (602, 151, '2012-01-20', 1, 11875, 5, 12500);
INSERT INTO realizations (id_wares, id_pers, date_realiz, num_realiz, sum_realiz, pc_discount, price) VALUES (603, 136, '2012-02-15', 1, 6270, 5, 6600);
INSERT INTO realizations (id_wares, id_pers, date_realiz, num_realiz, sum_realiz, pc_discount, price) VALUES (605, 123, '2012-02-21', 1, 10165, 5, 10700);
INSERT INTO realizations (id_wares, id_pers, date_realiz, num_realiz, sum_realiz, pc_discount, price) VALUES (605, 137, '2012-02-24', 1, 10165, 5, 10700);
INSERT INTO realizations (id_wares, id_pers, date_realiz, num_realiz, sum_realiz, pc_discount, price) VALUES (605, 143, '2012-02-20', 1, 10165, 5, 10700);
INSERT INTO realizations (id_wares, id_pers, date_realiz, num_realiz, sum_realiz, pc_discount, price) VALUES (613, 137, '2012-01-31', 1, 15390, 5, 16200);
INSERT INTO realizations (id_wares, id_pers, date_realiz, num_realiz, sum_realiz, pc_discount, price) VALUES (613, 136, '2012-02-05', 1, 14580, 10, 16200);
INSERT INTO realizations (id_wares, id_pers, date_realiz, num_realiz, sum_realiz, pc_discount, price) VALUES (620, 129, '2012-01-30', 1, 10640, 20, 13300);
INSERT INTO realizations (id_wares, id_pers, date_realiz, num_realiz, sum_realiz, pc_discount, price) VALUES (622, 151, '2012-02-19', 1, 15295, 5, 16100);
INSERT INTO realizations (id_wares, id_pers, date_realiz, num_realiz, sum_realiz, pc_discount, price) VALUES (626, 152, '2012-01-26', 1, 8930, 5, 9400);
INSERT INTO realizations (id_wares, id_pers, date_realiz, num_realiz, sum_realiz, pc_discount, price) VALUES (635, 120, '2012-02-14', 1, 4160, 20, 5200);
INSERT INTO realizations (id_wares, id_pers, date_realiz, num_realiz, sum_realiz, pc_discount, price) VALUES (635, 134, '2012-01-07', 1, 4940, 5, 5200);
INSERT INTO realizations (id_wares, id_pers, date_realiz, num_realiz, sum_realiz, pc_discount, price) VALUES (637, 138, '2012-02-24', 1, 3690, 10, 4100);
INSERT INTO realizations (id_wares, id_pers, date_realiz, num_realiz, sum_realiz, pc_discount, price) VALUES (639, 127, '2012-02-25', 1, 2850, 5, 3000);
INSERT INTO realizations (id_wares, id_pers, date_realiz, num_realiz, sum_realiz, pc_discount, price) VALUES (642, 120, '2012-02-24', 1, 5510, 5, 5800);
INSERT INTO realizations (id_wares, id_pers, date_realiz, num_realiz, sum_realiz, pc_discount, price) VALUES (647, 138, '2012-02-04', 1, 2470, 5, 2600);
INSERT INTO realizations (id_wares, id_pers, date_realiz, num_realiz, sum_realiz, pc_discount, price) VALUES (647, 120, '2012-01-23', 1, 2470, 5, 2600);
INSERT INTO realizations (id_wares, id_pers, date_realiz, num_realiz, sum_realiz, pc_discount, price) VALUES (650, 120, '2012-02-01', 1, 2090, 5, 2200);
INSERT INTO realizations (id_wares, id_pers, date_realiz, num_realiz, sum_realiz, pc_discount, price) VALUES (651, 134, '2012-01-04', 1, 5605, 5, 5900);
INSERT INTO realizations (id_wares, id_pers, date_realiz, num_realiz, sum_realiz, pc_discount, price) VALUES (658, 126, '2012-02-05', 1, 2470, 5, 2600);
INSERT INTO realizations (id_wares, id_pers, date_realiz, num_realiz, sum_realiz, pc_discount, price) VALUES (658, 124, '2012-02-15', 1, 2470, 5, 2600);
INSERT INTO realizations (id_wares, id_pers, date_realiz, num_realiz, sum_realiz, pc_discount, price) VALUES (660, 134, '2012-01-02', 1, 10400, 20, 13000);
INSERT INTO realizations (id_wares, id_pers, date_realiz, num_realiz, sum_realiz, pc_discount, price) VALUES (662, 140, '2012-02-10', 1, 6300, 10, 7000);
INSERT INTO realizations (id_wares, id_pers, date_realiz, num_realiz, sum_realiz, pc_discount, price) VALUES (662, 158, '2012-02-09', 1, 6650, 5, 7000);
INSERT INTO realizations (id_wares, id_pers, date_realiz, num_realiz, sum_realiz, pc_discount, price) VALUES (663, 126, '2012-01-15', 1, 7790, 5, 8200);
INSERT INTO realizations (id_wares, id_pers, date_realiz, num_realiz, sum_realiz, pc_discount, price) VALUES (663, 145, '2012-02-23', 1, 7380, 10, 8200);
INSERT INTO realizations (id_wares, id_pers, date_realiz, num_realiz, sum_realiz, pc_discount, price) VALUES (664, 145, '2012-01-08', 2, 5040, 10, 2800);
INSERT INTO realizations (id_wares, id_pers, date_realiz, num_realiz, sum_realiz, pc_discount, price) VALUES (664, 158, '2012-02-13', 1, 2520, 10, 2800);
INSERT INTO realizations (id_wares, id_pers, date_realiz, num_realiz, sum_realiz, pc_discount, price) VALUES (666, 145, '2012-02-08', 1, 5760, 10, 6400);
INSERT INTO realizations (id_wares, id_pers, date_realiz, num_realiz, sum_realiz, pc_discount, price) VALUES (666, 155, '2012-02-25', 1, 5120, 20, 6400);
INSERT INTO realizations (id_wares, id_pers, date_realiz, num_realiz, sum_realiz, pc_discount, price) VALUES (667, 131, '2012-02-29', 1, 4400, 20, 5500);
INSERT INTO realizations (id_wares, id_pers, date_realiz, num_realiz, sum_realiz, pc_discount, price) VALUES (668, 138, '2012-02-25', 1, 10560, 20, 13200);
INSERT INTO realizations (id_wares, id_pers, date_realiz, num_realiz, sum_realiz, pc_discount, price) VALUES (672, 134, '2012-01-01', 1, 15580, 5, 16400);
INSERT INTO realizations (id_wares, id_pers, date_realiz, num_realiz, sum_realiz, pc_discount, price) VALUES (673, 126, '2012-02-29', 1, 9000, 10, 10000);
INSERT INTO realizations (id_wares, id_pers, date_realiz, num_realiz, sum_realiz, pc_discount, price) VALUES (687, 147, '2012-01-25', 1, 5985, 5, 6300);
INSERT INTO realizations (id_wares, id_pers, date_realiz, num_realiz, sum_realiz, pc_discount, price) VALUES (688, 133, '2012-01-02', 1, 2970, 10, 3300);
INSERT INTO realizations (id_wares, id_pers, date_realiz, num_realiz, sum_realiz, pc_discount, price) VALUES (688, 141, '2012-02-03', 1, 2640, 20, 3300);
INSERT INTO realizations (id_wares, id_pers, date_realiz, num_realiz, sum_realiz, pc_discount, price) VALUES (688, 148, '2012-01-23', 1, 2970, 10, 3300);
INSERT INTO realizations (id_wares, id_pers, date_realiz, num_realiz, sum_realiz, pc_discount, price) VALUES (691, 154, '2012-02-06', 1, 10260, 5, 10800);
INSERT INTO realizations (id_wares, id_pers, date_realiz, num_realiz, sum_realiz, pc_discount, price) VALUES (693, 147, '2012-01-10', 1, 3040, 5, 3200);
INSERT INTO realizations (id_wares, id_pers, date_realiz, num_realiz, sum_realiz, pc_discount, price) VALUES (693, 145, '2012-01-30', 1, 3040, 5, 3200);
INSERT INTO realizations (id_wares, id_pers, date_realiz, num_realiz, sum_realiz, pc_discount, price) VALUES (695, 124, '2012-02-19', 1, 1890, 10, 2100);
INSERT INTO realizations (id_wares, id_pers, date_realiz, num_realiz, sum_realiz, pc_discount, price) VALUES (695, 160, '2012-02-06', 1, 1890, 10, 2100);
INSERT INTO realizations (id_wares, id_pers, date_realiz, num_realiz, sum_realiz, pc_discount, price) VALUES (697, 152, '2012-01-20', 1, 12920, 5, 13600);
INSERT INTO realizations (id_wares, id_pers, date_realiz, num_realiz, sum_realiz, pc_discount, price) VALUES (703, 152, '2012-01-20', 1, 8265, 5, 8700);
INSERT INTO realizations (id_wares, id_pers, date_realiz, num_realiz, sum_realiz, pc_discount, price) VALUES (703, 155, '2012-02-14', 1, 8265, 5, 8700);
INSERT INTO realizations (id_wares, id_pers, date_realiz, num_realiz, sum_realiz, pc_discount, price) VALUES (704, 140, '2012-02-20', 1, 3800, 5, 4000);
INSERT INTO realizations (id_wares, id_pers, date_realiz, num_realiz, sum_realiz, pc_discount, price) VALUES (704, 134, '2012-01-25', 1, 3600, 10, 4000);
INSERT INTO realizations (id_wares, id_pers, date_realiz, num_realiz, sum_realiz, pc_discount, price) VALUES (706, 134, '2012-01-05', 1, 11920, 20, 14900);
INSERT INTO realizations (id_wares, id_pers, date_realiz, num_realiz, sum_realiz, pc_discount, price) VALUES (708, 138, '2012-02-23', 1, 9280, 20, 11600);
INSERT INTO realizations (id_wares, id_pers, date_realiz, num_realiz, sum_realiz, pc_discount, price) VALUES (709, 138, '2012-01-10', 1, 6840, 5, 7200);
INSERT INTO realizations (id_wares, id_pers, date_realiz, num_realiz, sum_realiz, pc_discount, price) VALUES (710, 154, '2012-02-27', 1, 5035, 5, 5300);
INSERT INTO realizations (id_wares, id_pers, date_realiz, num_realiz, sum_realiz, pc_discount, price) VALUES (712, 145, '2012-01-30', 1, 2375, 5, 2500);
INSERT INTO realizations (id_wares, id_pers, date_realiz, num_realiz, sum_realiz, pc_discount, price) VALUES (712, 120, '2012-01-20', 1, 2375, 5, 2500);
INSERT INTO realizations (id_wares, id_pers, date_realiz, num_realiz, sum_realiz, pc_discount, price) VALUES (712, 134, '2012-02-11', 1, 2000, 20, 2500);
INSERT INTO realizations (id_wares, id_pers, date_realiz, num_realiz, sum_realiz, pc_discount, price) VALUES (714, 133, '2012-02-18', 1, 2340, 10, 2600);
INSERT INTO realizations (id_wares, id_pers, date_realiz, num_realiz, sum_realiz, pc_discount, price) VALUES (714, 145, '2012-01-18', 1, 2080, 20, 2600);
INSERT INTO realizations (id_wares, id_pers, date_realiz, num_realiz, sum_realiz, pc_discount, price) VALUES (719, 131, '2012-02-27', 1, 13300, 5, 14000);
INSERT INTO realizations (id_wares, id_pers, date_realiz, num_realiz, sum_realiz, pc_discount, price) VALUES (720, 141, '2012-02-01', 2, 9310, 5, 4900);
INSERT INTO realizations (id_wares, id_pers, date_realiz, num_realiz, sum_realiz, pc_discount, price) VALUES (721, 134, '2012-01-23', 1, 4640, 20, 5800);
INSERT INTO realizations (id_wares, id_pers, date_realiz, num_realiz, sum_realiz, pc_discount, price) VALUES (723, 152, '2012-02-15', 1, 4770, 10, 5300);
INSERT INTO realizations (id_wares, id_pers, date_realiz, num_realiz, sum_realiz, pc_discount, price) VALUES (724, 131, '2012-02-05', 2, 9310, 5, 4900);
INSERT INTO realizations (id_wares, id_pers, date_realiz, num_realiz, sum_realiz, pc_discount, price) VALUES (727, 127, '2012-02-29', 1, 2610, 10, 2900);
INSERT INTO realizations (id_wares, id_pers, date_realiz, num_realiz, sum_realiz, pc_discount, price) VALUES (728, 147, '2012-01-13', 1, 7110, 10, 7900);
INSERT INTO realizations (id_wares, id_pers, date_realiz, num_realiz, sum_realiz, pc_discount, price) VALUES (728, 145, '2012-01-22', 1, 7505, 5, 7900);
INSERT INTO realizations (id_wares, id_pers, date_realiz, num_realiz, sum_realiz, pc_discount, price) VALUES (728, 120, '2012-02-03', 1, 6320, 20, 7900);
INSERT INTO realizations (id_wares, id_pers, date_realiz, num_realiz, sum_realiz, pc_discount, price) VALUES (525, 128, '2012-01-14', 1, 9900, 10, 11000);
INSERT INTO realizations (id_wares, id_pers, date_realiz, num_realiz, sum_realiz, pc_discount, price) VALUES (526, 123, '2012-02-27', 1, 7980, 5, 8400);
INSERT INTO realizations (id_wares, id_pers, date_realiz, num_realiz, sum_realiz, pc_discount, price) VALUES (528, 144, '2012-02-05', 1, 3610, 5, 3800);
INSERT INTO realizations (id_wares, id_pers, date_realiz, num_realiz, sum_realiz, pc_discount, price) VALUES (532, 130, '2012-02-02', 1, 9405, 5, 9900);
INSERT INTO realizations (id_wares, id_pers, date_realiz, num_realiz, sum_realiz, pc_discount, price) VALUES (533, 132, '2012-02-29', 1, 15485, 5, 16300);
INSERT INTO realizations (id_wares, id_pers, date_realiz, num_realiz, sum_realiz, pc_discount, price) VALUES (534, 125, '2012-02-28', 1, 3420, 5, 3600);
INSERT INTO realizations (id_wares, id_pers, date_realiz, num_realiz, sum_realiz, pc_discount, price) VALUES (534, 123, '2012-01-07', 2, 6480, 10, 3600);
INSERT INTO realizations (id_wares, id_pers, date_realiz, num_realiz, sum_realiz, pc_discount, price) VALUES (536, 135, '2012-01-24', 1, 1760, 20, 2200);
INSERT INTO realizations (id_wares, id_pers, date_realiz, num_realiz, sum_realiz, pc_discount, price) VALUES (537, 137, '2012-01-17', 1, 3230, 5, 3400);
INSERT INTO realizations (id_wares, id_pers, date_realiz, num_realiz, sum_realiz, pc_discount, price) VALUES (538, 153, '2012-01-26', 1, 9450, 10, 10500);
INSERT INTO realizations (id_wares, id_pers, date_realiz, num_realiz, sum_realiz, pc_discount, price) VALUES (538, 130, '2012-01-13', 1, 9450, 10, 10500);
INSERT INTO realizations (id_wares, id_pers, date_realiz, num_realiz, sum_realiz, pc_discount, price) VALUES (538, 151, '2012-01-31', 2, 19950, 5, 10500);
INSERT INTO realizations (id_wares, id_pers, date_realiz, num_realiz, sum_realiz, pc_discount, price) VALUES (539, 142, '2012-02-25', 1, 13870, 5, 14600);
INSERT INTO realizations (id_wares, id_pers, date_realiz, num_realiz, sum_realiz, pc_discount, price) VALUES (547, 123, '2012-01-03', 1, 2565, 5, 2700);
INSERT INTO realizations (id_wares, id_pers, date_realiz, num_realiz, sum_realiz, pc_discount, price) VALUES (547, 137, '2012-02-15', 2, 5130, 5, 2700);
INSERT INTO realizations (id_wares, id_pers, date_realiz, num_realiz, sum_realiz, pc_discount, price) VALUES (548, 139, '2012-01-06', 1, 2375, 5, 2500);
INSERT INTO realizations (id_wares, id_pers, date_realiz, num_realiz, sum_realiz, pc_discount, price) VALUES (548, 142, '2012-02-03', 1, 2375, 5, 2500);
INSERT INTO realizations (id_wares, id_pers, date_realiz, num_realiz, sum_realiz, pc_discount, price) VALUES (552, 130, '2012-02-05', 1, 10355, 5, 10900);
INSERT INTO realizations (id_wares, id_pers, date_realiz, num_realiz, sum_realiz, pc_discount, price) VALUES (552, 151, '2012-01-09', 1, 9810, 10, 10900);
INSERT INTO realizations (id_wares, id_pers, date_realiz, num_realiz, sum_realiz, pc_discount, price) VALUES (552, 142, '2012-02-11', 1, 10355, 5, 10900);
INSERT INTO realizations (id_wares, id_pers, date_realiz, num_realiz, sum_realiz, pc_discount, price) VALUES (553, 123, '2012-01-19', 1, 2700, 10, 3000);
INSERT INTO realizations (id_wares, id_pers, date_realiz, num_realiz, sum_realiz, pc_discount, price) VALUES (554, 132, '2012-01-11', 1, 15770, 5, 16600);
INSERT INTO realizations (id_wares, id_pers, date_realiz, num_realiz, sum_realiz, pc_discount, price) VALUES (554, 137, '2012-02-13', 1, 15770, 5, 16600);
INSERT INTO realizations (id_wares, id_pers, date_realiz, num_realiz, sum_realiz, pc_discount, price) VALUES (560, 146, '2012-01-29', 2, 15580, 5, 8200);
INSERT INTO realizations (id_wares, id_pers, date_realiz, num_realiz, sum_realiz, pc_discount, price) VALUES (560, 130, '2012-02-24', 1, 7790, 5, 8200);
INSERT INTO realizations (id_wares, id_pers, date_realiz, num_realiz, sum_realiz, pc_discount, price) VALUES (562, 146, '2012-02-02', 1, 7600, 5, 8000);
INSERT INTO realizations (id_wares, id_pers, date_realiz, num_realiz, sum_realiz, pc_discount, price) VALUES (563, 153, '2012-02-03', 1, 8550, 10, 9500);
INSERT INTO realizations (id_wares, id_pers, date_realiz, num_realiz, sum_realiz, pc_discount, price) VALUES (563, 130, '2012-01-30', 1, 9025, 5, 9500);
INSERT INTO realizations (id_wares, id_pers, date_realiz, num_realiz, sum_realiz, pc_discount, price) VALUES (563, 156, '2012-02-08', 1, 8550, 10, 9500);
INSERT INTO realizations (id_wares, id_pers, date_realiz, num_realiz, sum_realiz, pc_discount, price) VALUES (564, 142, '2012-01-06', 1, 3705, 5, 3900);
INSERT INTO realizations (id_wares, id_pers, date_realiz, num_realiz, sum_realiz, pc_discount, price) VALUES (565, 149, '2012-02-20', 1, 8010, 10, 8900);
INSERT INTO realizations (id_wares, id_pers, date_realiz, num_realiz, sum_realiz, pc_discount, price) VALUES (568, 149, '2012-01-24', 1, 8075, 5, 8500);
INSERT INTO realizations (id_wares, id_pers, date_realiz, num_realiz, sum_realiz, pc_discount, price) VALUES (569, 132, '2012-02-14', 1, 9120, 5, 9600);
INSERT INTO realizations (id_wares, id_pers, date_realiz, num_realiz, sum_realiz, pc_discount, price) VALUES (569, 139, '2012-02-12', 1, 9120, 5, 9600);
INSERT INTO realizations (id_wares, id_pers, date_realiz, num_realiz, sum_realiz, pc_discount, price) VALUES (572, 128, '2012-01-18', 2, 27000, 10, 15000);
INSERT INTO realizations (id_wares, id_pers, date_realiz, num_realiz, sum_realiz, pc_discount, price) VALUES (573, 146, '2012-02-05', 1, 9405, 5, 9900);
INSERT INTO realizations (id_wares, id_pers, date_realiz, num_realiz, sum_realiz, pc_discount, price) VALUES (573, 121, '2012-02-06', 1, 9405, 5, 9900);
INSERT INTO realizations (id_wares, id_pers, date_realiz, num_realiz, sum_realiz, pc_discount, price) VALUES (582, 132, '2012-02-12', 1, 6120, 10, 6800);
INSERT INTO realizations (id_wares, id_pers, date_realiz, num_realiz, sum_realiz, pc_discount, price) VALUES (582, 142, '2012-02-03', 1, 6460, 5, 6800);
INSERT INTO realizations (id_wares, id_pers, date_realiz, num_realiz, sum_realiz, pc_discount, price) VALUES (584, 132, '2012-02-12', 1, 8880, 20, 11100);
INSERT INTO realizations (id_wares, id_pers, date_realiz, num_realiz, sum_realiz, pc_discount, price) VALUES (585, 132, '2012-02-10', 1, 14850, 10, 16500);
INSERT INTO realizations (id_wares, id_pers, date_realiz, num_realiz, sum_realiz, pc_discount, price) VALUES (585, 153, '2012-02-29', 1, 15675, 5, 16500);
INSERT INTO realizations (id_wares, id_pers, date_realiz, num_realiz, sum_realiz, pc_discount, price) VALUES (585, 128, '2012-01-12', 1, 13200, 20, 16500);
INSERT INTO realizations (id_wares, id_pers, date_realiz, num_realiz, sum_realiz, pc_discount, price) VALUES (587, 139, '2012-02-03', 1, 10890, 10, 12100);
INSERT INTO realizations (id_wares, id_pers, date_realiz, num_realiz, sum_realiz, pc_discount, price) VALUES (590, 144, '2012-02-15', 1, 8280, 10, 9200);
INSERT INTO realizations (id_wares, id_pers, date_realiz, num_realiz, sum_realiz, pc_discount, price) VALUES (590, 157, '2012-02-19', 1, 8740, 5, 9200);
INSERT INTO realizations (id_wares, id_pers, date_realiz, num_realiz, sum_realiz, pc_discount, price) VALUES (600, 139, '2012-01-11', 1, 7650, 10, 8500);
INSERT INTO realizations (id_wares, id_pers, date_realiz, num_realiz, sum_realiz, pc_discount, price) VALUES (603, 125, '2012-01-17', 1, 5280, 20, 6600);
INSERT INTO realizations (id_wares, id_pers, date_realiz, num_realiz, sum_realiz, pc_discount, price) VALUES (615, 136, '2012-01-03', 1, 9880, 5, 10400);
INSERT INTO realizations (id_wares, id_pers, date_realiz, num_realiz, sum_realiz, pc_discount, price) VALUES (616, 130, '2012-02-11', 1, 7200, 10, 8000);
INSERT INTO realizations (id_wares, id_pers, date_realiz, num_realiz, sum_realiz, pc_discount, price) VALUES (618, 130, '2012-01-27', 1, 12400, 20, 15500);
INSERT INTO realizations (id_wares, id_pers, date_realiz, num_realiz, sum_realiz, pc_discount, price) VALUES (618, 137, '2012-01-16', 1, 14725, 5, 15500);
INSERT INTO realizations (id_wares, id_pers, date_realiz, num_realiz, sum_realiz, pc_discount, price) VALUES (620, 157, '2012-02-09', 1, 12635, 5, 13300);
INSERT INTO realizations (id_wares, id_pers, date_realiz, num_realiz, sum_realiz, pc_discount, price) VALUES (622, 139, '2012-01-10', 1, 15295, 5, 16100);
INSERT INTO realizations (id_wares, id_pers, date_realiz, num_realiz, sum_realiz, pc_discount, price) VALUES (626, 124, '2012-01-30', 1, 8930, 5, 9400);
INSERT INTO realizations (id_wares, id_pers, date_realiz, num_realiz, sum_realiz, pc_discount, price) VALUES (626, 152, '2012-02-15', 1, 8460, 10, 9400);
INSERT INTO realizations (id_wares, id_pers, date_realiz, num_realiz, sum_realiz, pc_discount, price) VALUES (626, 141, '2012-01-23', 1, 7520, 20, 9400);
INSERT INTO realizations (id_wares, id_pers, date_realiz, num_realiz, sum_realiz, pc_discount, price) VALUES (635, 133, '2012-01-11', 1, 4940, 5, 5200);
INSERT INTO realizations (id_wares, id_pers, date_realiz, num_realiz, sum_realiz, pc_discount, price) VALUES (635, 131, '2012-02-28', 1, 4940, 5, 5200);
INSERT INTO realizations (id_wares, id_pers, date_realiz, num_realiz, sum_realiz, pc_discount, price) VALUES (635, 138, '2012-01-08', 1, 4940, 5, 5200);
INSERT INTO realizations (id_wares, id_pers, date_realiz, num_realiz, sum_realiz, pc_discount, price) VALUES (635, 145, '2012-01-25', 1, 4940, 5, 5200);
INSERT INTO realizations (id_wares, id_pers, date_realiz, num_realiz, sum_realiz, pc_discount, price) VALUES (635, 127, '2012-01-19', 1, 4160, 20, 5200);
INSERT INTO realizations (id_wares, id_pers, date_realiz, num_realiz, sum_realiz, pc_discount, price) VALUES (635, 141, '2012-01-30', 1, 4940, 5, 5200);
INSERT INTO realizations (id_wares, id_pers, date_realiz, num_realiz, sum_realiz, pc_discount, price) VALUES (639, 131, '2012-02-12', 1, 2700, 10, 3000);
INSERT INTO realizations (id_wares, id_pers, date_realiz, num_realiz, sum_realiz, pc_discount, price) VALUES (639, 134, '2012-02-15', 1, 2700, 10, 3000);
INSERT INTO realizations (id_wares, id_pers, date_realiz, num_realiz, sum_realiz, pc_discount, price) VALUES (641, 152, '2012-01-09', 1, 4845, 5, 5100);
INSERT INTO realizations (id_wares, id_pers, date_realiz, num_realiz, sum_realiz, pc_discount, price) VALUES (642, 158, '2012-01-26', 2, 11020, 5, 5800);
INSERT INTO realizations (id_wares, id_pers, date_realiz, num_realiz, sum_realiz, pc_discount, price) VALUES (643, 126, '2012-02-25', 1, 12065, 5, 12700);
INSERT INTO realizations (id_wares, id_pers, date_realiz, num_realiz, sum_realiz, pc_discount, price) VALUES (645, 138, '2012-02-27', 1, 13050, 10, 14500);
INSERT INTO realizations (id_wares, id_pers, date_realiz, num_realiz, sum_realiz, pc_discount, price) VALUES (645, 127, '2012-02-05', 1, 13775, 5, 14500);
INSERT INTO realizations (id_wares, id_pers, date_realiz, num_realiz, sum_realiz, pc_discount, price) VALUES (651, 127, '2012-01-20', 1, 5310, 10, 5900);
INSERT INTO realizations (id_wares, id_pers, date_realiz, num_realiz, sum_realiz, pc_discount, price) VALUES (660, 138, '2012-02-18', 1, 10400, 20, 13000);
INSERT INTO realizations (id_wares, id_pers, date_realiz, num_realiz, sum_realiz, pc_discount, price) VALUES (662, 120, '2012-02-10', 1, 5600, 20, 7000);
INSERT INTO realizations (id_wares, id_pers, date_realiz, num_realiz, sum_realiz, pc_discount, price) VALUES (662, 127, '2012-01-12', 1, 6300, 10, 7000);
INSERT INTO realizations (id_wares, id_pers, date_realiz, num_realiz, sum_realiz, pc_discount, price) VALUES (662, 148, '2012-01-17', 1, 6650, 5, 7000);
INSERT INTO realizations (id_wares, id_pers, date_realiz, num_realiz, sum_realiz, pc_discount, price) VALUES (663, 126, '2012-02-17', 1, 7380, 10, 8200);
INSERT INTO realizations (id_wares, id_pers, date_realiz, num_realiz, sum_realiz, pc_discount, price) VALUES (666, 126, '2012-02-03', 1, 6080, 5, 6400);
INSERT INTO realizations (id_wares, id_pers, date_realiz, num_realiz, sum_realiz, pc_discount, price) VALUES (666, 124, '2012-02-24', 1, 6080, 5, 6400);
INSERT INTO realizations (id_wares, id_pers, date_realiz, num_realiz, sum_realiz, pc_discount, price) VALUES (668, 120, '2012-02-23', 1, 12540, 5, 13200);
INSERT INTO realizations (id_wares, id_pers, date_realiz, num_realiz, sum_realiz, pc_discount, price) VALUES (681, 152, '2012-02-12', 1, 6080, 5, 6400);
INSERT INTO realizations (id_wares, id_pers, date_realiz, num_realiz, sum_realiz, pc_discount, price) VALUES (681, 158, '2012-01-30', 1, 6080, 5, 6400);
INSERT INTO realizations (id_wares, id_pers, date_realiz, num_realiz, sum_realiz, pc_discount, price) VALUES (681, 155, '2012-02-27', 1, 6080, 5, 6400);
INSERT INTO realizations (id_wares, id_pers, date_realiz, num_realiz, sum_realiz, pc_discount, price) VALUES (683, 158, '2012-02-18', 1, 12540, 5, 13200);
INSERT INTO realizations (id_wares, id_pers, date_realiz, num_realiz, sum_realiz, pc_discount, price) VALUES (690, 145, '2012-01-31', 1, 7315, 5, 7700);
INSERT INTO realizations (id_wares, id_pers, date_realiz, num_realiz, sum_realiz, pc_discount, price) VALUES (691, 148, '2012-02-19', 1, 10260, 5, 10800);
INSERT INTO realizations (id_wares, id_pers, date_realiz, num_realiz, sum_realiz, pc_discount, price) VALUES (692, 138, '2012-01-07', 1, 6390, 10, 7100);
INSERT INTO realizations (id_wares, id_pers, date_realiz, num_realiz, sum_realiz, pc_discount, price) VALUES (692, 127, '2012-02-18', 1, 6745, 5, 7100);
INSERT INTO realizations (id_wares, id_pers, date_realiz, num_realiz, sum_realiz, pc_discount, price) VALUES (696, 158, '2012-02-16', 1, 4410, 10, 4900);
INSERT INTO realizations (id_wares, id_pers, date_realiz, num_realiz, sum_realiz, pc_discount, price) VALUES (703, 141, '2012-01-08', 1, 8265, 5, 8700);
INSERT INTO realizations (id_wares, id_pers, date_realiz, num_realiz, sum_realiz, pc_discount, price) VALUES (704, 138, '2012-02-05', 1, 3600, 10, 4000);
INSERT INTO realizations (id_wares, id_pers, date_realiz, num_realiz, sum_realiz, pc_discount, price) VALUES (704, 127, '2012-01-03', 1, 3800, 5, 4000);
INSERT INTO realizations (id_wares, id_pers, date_realiz, num_realiz, sum_realiz, pc_discount, price) VALUES (706, 134, '2012-02-14', 1, 14155, 5, 14900);
INSERT INTO realizations (id_wares, id_pers, date_realiz, num_realiz, sum_realiz, pc_discount, price) VALUES (706, 148, '2012-01-07', 1, 13410, 10, 14900);
INSERT INTO realizations (id_wares, id_pers, date_realiz, num_realiz, sum_realiz, pc_discount, price) VALUES (708, 127, '2012-01-11', 1, 11020, 5, 11600);
INSERT INTO realizations (id_wares, id_pers, date_realiz, num_realiz, sum_realiz, pc_discount, price) VALUES (709, 148, '2012-01-20', 1, 6840, 5, 7200);
INSERT INTO realizations (id_wares, id_pers, date_realiz, num_realiz, sum_realiz, pc_discount, price) VALUES (710, 140, '2012-02-11', 1, 5035, 5, 5300);
INSERT INTO realizations (id_wares, id_pers, date_realiz, num_realiz, sum_realiz, pc_discount, price) VALUES (710, 134, '2012-02-08', 2, 8480, 20, 5300);
INSERT INTO realizations (id_wares, id_pers, date_realiz, num_realiz, sum_realiz, pc_discount, price) VALUES (712, 124, '2012-02-17', 1, 2375, 5, 2500);
INSERT INTO realizations (id_wares, id_pers, date_realiz, num_realiz, sum_realiz, pc_discount, price) VALUES (714, 124, '2012-01-10', 2, 4160, 20, 2600);
INSERT INTO realizations (id_wares, id_pers, date_realiz, num_realiz, sum_realiz, pc_discount, price) VALUES (714, 160, '2012-02-19', 2, 4940, 5, 2600);
INSERT INTO realizations (id_wares, id_pers, date_realiz, num_realiz, sum_realiz, pc_discount, price) VALUES (715, 160, '2012-01-18', 1, 10545, 5, 11100);
INSERT INTO realizations (id_wares, id_pers, date_realiz, num_realiz, sum_realiz, pc_discount, price) VALUES (719, 133, '2012-01-30', 1, 13300, 5, 14000);
INSERT INTO realizations (id_wares, id_pers, date_realiz, num_realiz, sum_realiz, pc_discount, price) VALUES (720, 145, '2012-01-19', 1, 4655, 5, 4900);
INSERT INTO realizations (id_wares, id_pers, date_realiz, num_realiz, sum_realiz, pc_discount, price) VALUES (723, 154, '2012-01-19', 1, 4770, 10, 5300);
INSERT INTO realizations (id_wares, id_pers, date_realiz, num_realiz, sum_realiz, pc_discount, price) VALUES (727, 126, '2012-01-26', 1, 2755, 5, 2900);
INSERT INTO realizations (id_wares, id_pers, date_realiz, num_realiz, sum_realiz, pc_discount, price) VALUES (727, 131, '2012-02-02', 1, 2610, 10, 2900);
INSERT INTO realizations (id_wares, id_pers, date_realiz, num_realiz, sum_realiz, pc_discount, price) VALUES (525, 156, '2012-02-26', 1, 10450, 5, 11000);
INSERT INTO realizations (id_wares, id_pers, date_realiz, num_realiz, sum_realiz, pc_discount, price) VALUES (526, 153, '2012-01-03', 1, 7560, 10, 8400);
INSERT INTO realizations (id_wares, id_pers, date_realiz, num_realiz, sum_realiz, pc_discount, price) VALUES (534, 125, '2012-02-25', 1, 3420, 5, 3600);
INSERT INTO realizations (id_wares, id_pers, date_realiz, num_realiz, sum_realiz, pc_discount, price) VALUES (534, 146, '2012-01-26', 1, 3420, 5, 3600);
INSERT INTO realizations (id_wares, id_pers, date_realiz, num_realiz, sum_realiz, pc_discount, price) VALUES (536, 135, '2012-01-04', 1, 1980, 10, 2200);
INSERT INTO realizations (id_wares, id_pers, date_realiz, num_realiz, sum_realiz, pc_discount, price) VALUES (539, 130, '2012-02-19', 1, 13870, 5, 14600);
INSERT INTO realizations (id_wares, id_pers, date_realiz, num_realiz, sum_realiz, pc_discount, price) VALUES (549, 125, '2012-01-04', 1, 9000, 10, 10000);
INSERT INTO realizations (id_wares, id_pers, date_realiz, num_realiz, sum_realiz, pc_discount, price) VALUES (549, 139, '2012-01-09', 1, 9500, 5, 10000);
INSERT INTO realizations (id_wares, id_pers, date_realiz, num_realiz, sum_realiz, pc_discount, price) VALUES (553, 121, '2012-01-28', 2, 5700, 5, 3000);
INSERT INTO realizations (id_wares, id_pers, date_realiz, num_realiz, sum_realiz, pc_discount, price) VALUES (553, 135, '2012-02-06', 2, 5700, 5, 3000);
INSERT INTO realizations (id_wares, id_pers, date_realiz, num_realiz, sum_realiz, pc_discount, price) VALUES (560, 139, '2012-01-03', 1, 7790, 5, 8200);
INSERT INTO realizations (id_wares, id_pers, date_realiz, num_realiz, sum_realiz, pc_discount, price) VALUES (560, 144, '2012-01-13', 1, 7790, 5, 8200);
INSERT INTO realizations (id_wares, id_pers, date_realiz, num_realiz, sum_realiz, pc_discount, price) VALUES (561, 146, '2012-02-27', 1, 5130, 5, 5400);
INSERT INTO realizations (id_wares, id_pers, date_realiz, num_realiz, sum_realiz, pc_discount, price) VALUES (562, 125, '2012-01-08', 1, 6400, 20, 8000);
INSERT INTO realizations (id_wares, id_pers, date_realiz, num_realiz, sum_realiz, pc_discount, price) VALUES (562, 139, '2012-01-05', 1, 7600, 5, 8000);
INSERT INTO realizations (id_wares, id_pers, date_realiz, num_realiz, sum_realiz, pc_discount, price) VALUES (562, 146, '2012-01-21', 1, 7600, 5, 8000);
INSERT INTO realizations (id_wares, id_pers, date_realiz, num_realiz, sum_realiz, pc_discount, price) VALUES (573, 137, '2012-01-17', 1, 9405, 5, 9900);
INSERT INTO realizations (id_wares, id_pers, date_realiz, num_realiz, sum_realiz, pc_discount, price) VALUES (573, 128, '2012-02-23', 1, 9405, 5, 9900);
INSERT INTO realizations (id_wares, id_pers, date_realiz, num_realiz, sum_realiz, pc_discount, price) VALUES (584, 153, '2012-02-06', 1, 10545, 5, 11100);
INSERT INTO realizations (id_wares, id_pers, date_realiz, num_realiz, sum_realiz, pc_discount, price) VALUES (585, 144, '2012-01-21', 1, 14850, 10, 16500);
INSERT INTO realizations (id_wares, id_pers, date_realiz, num_realiz, sum_realiz, pc_discount, price) VALUES (586, 151, '2012-01-25', 1, 9025, 5, 9500);
INSERT INTO realizations (id_wares, id_pers, date_realiz, num_realiz, sum_realiz, pc_discount, price) VALUES (586, 157, '2012-01-23', 1, 7600, 20, 9500);
INSERT INTO realizations (id_wares, id_pers, date_realiz, num_realiz, sum_realiz, pc_discount, price) VALUES (586, 159, '2012-02-28', 1, 9025, 5, 9500);
INSERT INTO realizations (id_wares, id_pers, date_realiz, num_realiz, sum_realiz, pc_discount, price) VALUES (587, 130, '2012-01-28', 1, 10890, 10, 12100);
INSERT INTO realizations (id_wares, id_pers, date_realiz, num_realiz, sum_realiz, pc_discount, price) VALUES (587, 150, '2012-01-26', 1, 11495, 5, 12100);
INSERT INTO realizations (id_wares, id_pers, date_realiz, num_realiz, sum_realiz, pc_discount, price) VALUES (593, 153, '2012-02-20', 1, 9540, 10, 10600);
INSERT INTO realizations (id_wares, id_pers, date_realiz, num_realiz, sum_realiz, pc_discount, price) VALUES (593, 151, '2012-02-19', 1, 10070, 5, 10600);
INSERT INTO realizations (id_wares, id_pers, date_realiz, num_realiz, sum_realiz, pc_discount, price) VALUES (595, 129, '2012-01-28', 1, 7830, 10, 8700);
INSERT INTO realizations (id_wares, id_pers, date_realiz, num_realiz, sum_realiz, pc_discount, price) VALUES (600, 153, '2012-01-07', 1, 8075, 5, 8500);
INSERT INTO realizations (id_wares, id_pers, date_realiz, num_realiz, sum_realiz, pc_discount, price) VALUES (602, 132, '2012-01-13', 1, 11875, 5, 12500);
INSERT INTO realizations (id_wares, id_pers, date_realiz, num_realiz, sum_realiz, pc_discount, price) VALUES (603, 132, '2012-01-29', 1, 6270, 5, 6600);
INSERT INTO realizations (id_wares, id_pers, date_realiz, num_realiz, sum_realiz, pc_discount, price) VALUES (609, 137, '2012-01-15', 1, 8170, 5, 8600);
INSERT INTO realizations (id_wares, id_pers, date_realiz, num_realiz, sum_realiz, pc_discount, price) VALUES (616, 137, '2012-01-29', 1, 7600, 5, 8000);
INSERT INTO realizations (id_wares, id_pers, date_realiz, num_realiz, sum_realiz, pc_discount, price) VALUES (616, 136, '2012-02-19', 1, 7600, 5, 8000);
INSERT INTO realizations (id_wares, id_pers, date_realiz, num_realiz, sum_realiz, pc_discount, price) VALUES (620, 130, '2012-01-01', 1, 11970, 10, 13300);
INSERT INTO realizations (id_wares, id_pers, date_realiz, num_realiz, sum_realiz, pc_discount, price) VALUES (622, 122, '2012-02-04', 1, 14490, 10, 16100);
INSERT INTO realizations (id_wares, id_pers, date_realiz, num_realiz, sum_realiz, pc_discount, price) VALUES (626, 154, '2012-02-21', 1, 8460, 10, 9400);
INSERT INTO realizations (id_wares, id_pers, date_realiz, num_realiz, sum_realiz, pc_discount, price) VALUES (626, 160, '2012-01-16', 1, 8930, 5, 9400);
INSERT INTO realizations (id_wares, id_pers, date_realiz, num_realiz, sum_realiz, pc_discount, price) VALUES (631, 131, '2012-01-07', 1, 4560, 20, 5700);
INSERT INTO realizations (id_wares, id_pers, date_realiz, num_realiz, sum_realiz, pc_discount, price) VALUES (631, 158, '2012-01-15', 1, 5415, 5, 5700);
INSERT INTO realizations (id_wares, id_pers, date_realiz, num_realiz, sum_realiz, pc_discount, price) VALUES (631, 141, '2012-02-23', 1, 5415, 5, 5700);
INSERT INTO realizations (id_wares, id_pers, date_realiz, num_realiz, sum_realiz, pc_discount, price) VALUES (635, 160, '2012-02-11', 2, 8320, 20, 5200);
INSERT INTO realizations (id_wares, id_pers, date_realiz, num_realiz, sum_realiz, pc_discount, price) VALUES (635, 127, '2012-01-10', 1, 4680, 10, 5200);
INSERT INTO realizations (id_wares, id_pers, date_realiz, num_realiz, sum_realiz, pc_discount, price) VALUES (637, 124, '2012-02-04', 1, 3895, 5, 4100);
INSERT INTO realizations (id_wares, id_pers, date_realiz, num_realiz, sum_realiz, pc_discount, price) VALUES (637, 131, '2012-01-10', 1, 3895, 5, 4100);
INSERT INTO realizations (id_wares, id_pers, date_realiz, num_realiz, sum_realiz, pc_discount, price) VALUES (641, 126, '2012-01-13', 1, 4845, 5, 5100);
INSERT INTO realizations (id_wares, id_pers, date_realiz, num_realiz, sum_realiz, pc_discount, price) VALUES (641, 160, '2012-01-22', 1, 4845, 5, 5100);
INSERT INTO realizations (id_wares, id_pers, date_realiz, num_realiz, sum_realiz, pc_discount, price) VALUES (641, 134, '2012-01-18', 1, 4845, 5, 5100);
INSERT INTO realizations (id_wares, id_pers, date_realiz, num_realiz, sum_realiz, pc_discount, price) VALUES (643, 140, '2012-01-09', 1, 12065, 5, 12700);
INSERT INTO realizations (id_wares, id_pers, date_realiz, num_realiz, sum_realiz, pc_discount, price) VALUES (643, 120, '2012-01-11', 1, 12065, 5, 12700);
INSERT INTO realizations (id_wares, id_pers, date_realiz, num_realiz, sum_realiz, pc_discount, price) VALUES (645, 147, '2012-01-05', 1, 13775, 5, 14500);
INSERT INTO realizations (id_wares, id_pers, date_realiz, num_realiz, sum_realiz, pc_discount, price) VALUES (645, 127, '2012-02-03', 1, 13775, 5, 14500);
INSERT INTO realizations (id_wares, id_pers, date_realiz, num_realiz, sum_realiz, pc_discount, price) VALUES (647, 148, '2012-01-12', 1, 2080, 20, 2600);
INSERT INTO realizations (id_wares, id_pers, date_realiz, num_realiz, sum_realiz, pc_discount, price) VALUES (651, 131, '2012-01-25', 1, 5310, 10, 5900);
INSERT INTO realizations (id_wares, id_pers, date_realiz, num_realiz, sum_realiz, pc_discount, price) VALUES (651, 145, '2012-02-24', 1, 5605, 5, 5900);
INSERT INTO realizations (id_wares, id_pers, date_realiz, num_realiz, sum_realiz, pc_discount, price) VALUES (654, 126, '2012-02-01', 1, 13500, 10, 15000);
INSERT INTO realizations (id_wares, id_pers, date_realiz, num_realiz, sum_realiz, pc_discount, price) VALUES (654, 145, '2012-01-30', 1, 14250, 5, 15000);
INSERT INTO realizations (id_wares, id_pers, date_realiz, num_realiz, sum_realiz, pc_discount, price) VALUES (658, 120, '2012-02-01', 1, 2470, 5, 2600);
INSERT INTO realizations (id_wares, id_pers, date_realiz, num_realiz, sum_realiz, pc_discount, price) VALUES (658, 127, '2012-01-14', 1, 2470, 5, 2600);
INSERT INTO realizations (id_wares, id_pers, date_realiz, num_realiz, sum_realiz, pc_discount, price) VALUES (661, 126, '2012-02-19', 1, 7790, 5, 8200);
INSERT INTO realizations (id_wares, id_pers, date_realiz, num_realiz, sum_realiz, pc_discount, price) VALUES (661, 154, '2012-01-09', 1, 7380, 10, 8200);
INSERT INTO realizations (id_wares, id_pers, date_realiz, num_realiz, sum_realiz, pc_discount, price) VALUES (661, 145, '2012-01-14', 1, 7790, 5, 8200);
INSERT INTO realizations (id_wares, id_pers, date_realiz, num_realiz, sum_realiz, pc_discount, price) VALUES (662, 134, '2012-01-28', 1, 6650, 5, 7000);
INSERT INTO realizations (id_wares, id_pers, date_realiz, num_realiz, sum_realiz, pc_discount, price) VALUES (663, 145, '2012-02-17', 1, 7380, 10, 8200);
INSERT INTO realizations (id_wares, id_pers, date_realiz, num_realiz, sum_realiz, pc_discount, price) VALUES (663, 155, '2012-02-18', 2, 14760, 10, 8200);
INSERT INTO realizations (id_wares, id_pers, date_realiz, num_realiz, sum_realiz, pc_discount, price) VALUES (664, 131, '2012-01-21', 1, 2660, 5, 2800);
INSERT INTO realizations (id_wares, id_pers, date_realiz, num_realiz, sum_realiz, pc_discount, price) VALUES (667, 134, '2012-01-27', 1, 4400, 20, 5500);
INSERT INTO realizations (id_wares, id_pers, date_realiz, num_realiz, sum_realiz, pc_discount, price) VALUES (668, 120, '2012-01-01', 1, 12540, 5, 13200);
INSERT INTO realizations (id_wares, id_pers, date_realiz, num_realiz, sum_realiz, pc_discount, price) VALUES (670, 120, '2012-02-05', 1, 14440, 5, 15200);
INSERT INTO realizations (id_wares, id_pers, date_realiz, num_realiz, sum_realiz, pc_discount, price) VALUES (670, 155, '2012-02-10', 1, 14440, 5, 15200);
INSERT INTO realizations (id_wares, id_pers, date_realiz, num_realiz, sum_realiz, pc_discount, price) VALUES (671, 152, '2012-01-17', 1, 12320, 20, 15400);
INSERT INTO realizations (id_wares, id_pers, date_realiz, num_realiz, sum_realiz, pc_discount, price) VALUES (685, 126, '2012-01-24', 2, 28690, 5, 15100);
INSERT INTO realizations (id_wares, id_pers, date_realiz, num_realiz, sum_realiz, pc_discount, price) VALUES (685, 158, '2012-02-18', 1, 14345, 5, 15100);
INSERT INTO realizations (id_wares, id_pers, date_realiz, num_realiz, sum_realiz, pc_discount, price) VALUES (690, 127, '2012-02-22', 1, 7315, 5, 7700);
INSERT INTO realizations (id_wares, id_pers, date_realiz, num_realiz, sum_realiz, pc_discount, price) VALUES (691, 147, '2012-01-12', 1, 10260, 5, 10800);
INSERT INTO realizations (id_wares, id_pers, date_realiz, num_realiz, sum_realiz, pc_discount, price) VALUES (691, 138, '2012-01-28', 1, 10260, 5, 10800);
INSERT INTO realizations (id_wares, id_pers, date_realiz, num_realiz, sum_realiz, pc_discount, price) VALUES (693, 140, '2012-01-10', 1, 3040, 5, 3200);
INSERT INTO realizations (id_wares, id_pers, date_realiz, num_realiz, sum_realiz, pc_discount, price) VALUES (696, 158, '2012-02-19', 1, 4655, 5, 4900);
INSERT INTO realizations (id_wares, id_pers, date_realiz, num_realiz, sum_realiz, pc_discount, price) VALUES (697, 140, '2012-01-22', 1, 12920, 5, 13600);
INSERT INTO realizations (id_wares, id_pers, date_realiz, num_realiz, sum_realiz, pc_discount, price) VALUES (697, 131, '2012-02-09', 1, 12920, 5, 13600);
INSERT INTO realizations (id_wares, id_pers, date_realiz, num_realiz, sum_realiz, pc_discount, price) VALUES (697, 134, '2012-02-17', 1, 12920, 5, 13600);
INSERT INTO realizations (id_wares, id_pers, date_realiz, num_realiz, sum_realiz, pc_discount, price) VALUES (703, 147, '2012-01-19', 1, 8265, 5, 8700);
INSERT INTO realizations (id_wares, id_pers, date_realiz, num_realiz, sum_realiz, pc_discount, price) VALUES (703, 141, '2012-01-24', 1, 8265, 5, 8700);
INSERT INTO realizations (id_wares, id_pers, date_realiz, num_realiz, sum_realiz, pc_discount, price) VALUES (704, 138, '2012-01-06', 1, 3800, 5, 4000);
INSERT INTO realizations (id_wares, id_pers, date_realiz, num_realiz, sum_realiz, pc_discount, price) VALUES (704, 120, '2012-01-06', 1, 3800, 5, 4000);
INSERT INTO realizations (id_wares, id_pers, date_realiz, num_realiz, sum_realiz, pc_discount, price) VALUES (708, 141, '2012-01-21', 1, 11020, 5, 11600);
INSERT INTO realizations (id_wares, id_pers, date_realiz, num_realiz, sum_realiz, pc_discount, price) VALUES (712, 145, '2012-02-10', 1, 2375, 5, 2500);
INSERT INTO realizations (id_wares, id_pers, date_realiz, num_realiz, sum_realiz, pc_discount, price) VALUES (714, 134, '2012-02-20', 1, 2340, 10, 2600);
INSERT INTO realizations (id_wares, id_pers, date_realiz, num_realiz, sum_realiz, pc_discount, price) VALUES (720, 124, '2012-01-03', 1, 4410, 10, 4900);
INSERT INTO realizations (id_wares, id_pers, date_realiz, num_realiz, sum_realiz, pc_discount, price) VALUES (721, 131, '2012-01-26', 1, 5510, 5, 5800);
INSERT INTO realizations (id_wares, id_pers, date_realiz, num_realiz, sum_realiz, pc_discount, price) VALUES (721, 148, '2012-02-04', 1, 5510, 5, 5800);
INSERT INTO realizations (id_wares, id_pers, date_realiz, num_realiz, sum_realiz, pc_discount, price) VALUES (723, 126, '2012-01-22', 1, 5035, 5, 5300);
INSERT INTO realizations (id_wares, id_pers, date_realiz, num_realiz, sum_realiz, pc_discount, price) VALUES (727, 147, '2012-01-14', 1, 2755, 5, 2900);
INSERT INTO realizations (id_wares, id_pers, date_realiz, num_realiz, sum_realiz, pc_discount, price) VALUES (727, 124, '2012-01-26', 1, 2755, 5, 2900);
INSERT INTO realizations (id_wares, id_pers, date_realiz, num_realiz, sum_realiz, pc_discount, price) VALUES (727, 138, '2012-01-13', 1, 2610, 10, 2900);
INSERT INTO realizations (id_wares, id_pers, date_realiz, num_realiz, sum_realiz, pc_discount, price) VALUES (526, 139, '2012-02-10', 1, 7560, 10, 8400);
INSERT INTO realizations (id_wares, id_pers, date_realiz, num_realiz, sum_realiz, pc_discount, price) VALUES (526, 130, '2012-02-01', 2, 15120, 10, 8400);
INSERT INTO realizations (id_wares, id_pers, date_realiz, num_realiz, sum_realiz, pc_discount, price) VALUES (528, 144, '2012-02-17', 2, 6840, 10, 3800);
INSERT INTO realizations (id_wares, id_pers, date_realiz, num_realiz, sum_realiz, pc_discount, price) VALUES (534, 125, '2012-01-24', 1, 3420, 5, 3600);
INSERT INTO realizations (id_wares, id_pers, date_realiz, num_realiz, sum_realiz, pc_discount, price) VALUES (534, 132, '2012-01-06', 1, 3420, 5, 3600);
INSERT INTO realizations (id_wares, id_pers, date_realiz, num_realiz, sum_realiz, pc_discount, price) VALUES (534, 151, '2012-02-12', 1, 3240, 10, 3600);
INSERT INTO realizations (id_wares, id_pers, date_realiz, num_realiz, sum_realiz, pc_discount, price) VALUES (534, 128, '2012-02-15', 1, 3420, 5, 3600);
INSERT INTO realizations (id_wares, id_pers, date_realiz, num_realiz, sum_realiz, pc_discount, price) VALUES (536, 137, '2012-01-14', 1, 1760, 20, 2200);
INSERT INTO realizations (id_wares, id_pers, date_realiz, num_realiz, sum_realiz, pc_discount, price) VALUES (547, 146, '2012-02-02', 1, 2430, 10, 2700);
INSERT INTO realizations (id_wares, id_pers, date_realiz, num_realiz, sum_realiz, pc_discount, price) VALUES (548, 121, '2012-02-15', 1, 2375, 5, 2500);
INSERT INTO realizations (id_wares, id_pers, date_realiz, num_realiz, sum_realiz, pc_discount, price) VALUES (553, 121, '2012-01-23', 1, 2850, 5, 3000);
INSERT INTO realizations (id_wares, id_pers, date_realiz, num_realiz, sum_realiz, pc_discount, price) VALUES (553, 156, '2012-02-04', 1, 2700, 10, 3000);
INSERT INTO realizations (id_wares, id_pers, date_realiz, num_realiz, sum_realiz, pc_discount, price) VALUES (554, 132, '2012-02-09', 1, 15770, 5, 16600);
INSERT INTO realizations (id_wares, id_pers, date_realiz, num_realiz, sum_realiz, pc_discount, price) VALUES (560, 132, '2012-01-18', 1, 7790, 5, 8200);
INSERT INTO realizations (id_wares, id_pers, date_realiz, num_realiz, sum_realiz, pc_discount, price) VALUES (560, 128, '2012-02-07', 1, 7790, 5, 8200);
INSERT INTO realizations (id_wares, id_pers, date_realiz, num_realiz, sum_realiz, pc_discount, price) VALUES (560, 149, '2012-01-27', 1, 7790, 5, 8200);
INSERT INTO realizations (id_wares, id_pers, date_realiz, num_realiz, sum_realiz, pc_discount, price) VALUES (563, 125, '2012-02-21', 2, 18050, 5, 9500);
INSERT INTO realizations (id_wares, id_pers, date_realiz, num_realiz, sum_realiz, pc_discount, price) VALUES (564, 146, '2012-01-14', 1, 3705, 5, 3900);
INSERT INTO realizations (id_wares, id_pers, date_realiz, num_realiz, sum_realiz, pc_discount, price) VALUES (564, 135, '2012-01-05', 1, 3705, 5, 3900);
INSERT INTO realizations (id_wares, id_pers, date_realiz, num_realiz, sum_realiz, pc_discount, price) VALUES (566, 125, '2012-02-15', 1, 3895, 5, 4100);
INSERT INTO realizations (id_wares, id_pers, date_realiz, num_realiz, sum_realiz, pc_discount, price) VALUES (567, 130, '2012-01-22', 1, 8550, 10, 9500);
INSERT INTO realizations (id_wares, id_pers, date_realiz, num_realiz, sum_realiz, pc_discount, price) VALUES (570, 125, '2012-01-28', 1, 11120, 20, 13900);
INSERT INTO realizations (id_wares, id_pers, date_realiz, num_realiz, sum_realiz, pc_discount, price) VALUES (570, 139, '2012-02-07', 1, 12510, 10, 13900);
INSERT INTO realizations (id_wares, id_pers, date_realiz, num_realiz, sum_realiz, pc_discount, price) VALUES (573, 146, '2012-02-19', 1, 8910, 10, 9900);
INSERT INTO realizations (id_wares, id_pers, date_realiz, num_realiz, sum_realiz, pc_discount, price) VALUES (574, 139, '2012-01-26', 1, 4750, 5, 5000);
INSERT INTO realizations (id_wares, id_pers, date_realiz, num_realiz, sum_realiz, pc_discount, price) VALUES (585, 144, '2012-01-20', 2, 29700, 10, 16500);
INSERT INTO realizations (id_wares, id_pers, date_realiz, num_realiz, sum_realiz, pc_discount, price) VALUES (585, 151, '2012-02-11', 1, 15675, 5, 16500);
INSERT INTO realizations (id_wares, id_pers, date_realiz, num_realiz, sum_realiz, pc_discount, price) VALUES (586, 132, '2012-02-02', 1, 9025, 5, 9500);
INSERT INTO realizations (id_wares, id_pers, date_realiz, num_realiz, sum_realiz, pc_discount, price) VALUES (586, 146, '2012-01-19', 1, 9025, 5, 9500);
INSERT INTO realizations (id_wares, id_pers, date_realiz, num_realiz, sum_realiz, pc_discount, price) VALUES (586, 151, '2012-01-21', 1, 9025, 5, 9500);
INSERT INTO realizations (id_wares, id_pers, date_realiz, num_realiz, sum_realiz, pc_discount, price) VALUES (593, 143, '2012-01-25', 1, 9540, 10, 10600);
INSERT INTO realizations (id_wares, id_pers, date_realiz, num_realiz, sum_realiz, pc_discount, price) VALUES (595, 123, '2012-01-13', 1, 7830, 10, 8700);
INSERT INTO realizations (id_wares, id_pers, date_realiz, num_realiz, sum_realiz, pc_discount, price) VALUES (595, 157, '2012-02-19', 1, 7830, 10, 8700);
INSERT INTO realizations (id_wares, id_pers, date_realiz, num_realiz, sum_realiz, pc_discount, price) VALUES (600, 130, '2012-02-05', 1, 8075, 5, 8500);
INSERT INTO realizations (id_wares, id_pers, date_realiz, num_realiz, sum_realiz, pc_discount, price) VALUES (600, 137, '2012-02-02', 1, 8075, 5, 8500);
INSERT INTO realizations (id_wares, id_pers, date_realiz, num_realiz, sum_realiz, pc_discount, price) VALUES (602, 122, '2012-02-23', 1, 11875, 5, 12500);
INSERT INTO realizations (id_wares, id_pers, date_realiz, num_realiz, sum_realiz, pc_discount, price) VALUES (605, 123, '2012-02-07', 1, 10165, 5, 10700);
INSERT INTO realizations (id_wares, id_pers, date_realiz, num_realiz, sum_realiz, pc_discount, price) VALUES (616, 153, '2012-02-04', 1, 7600, 5, 8000);
INSERT INTO realizations (id_wares, id_pers, date_realiz, num_realiz, sum_realiz, pc_discount, price) VALUES (616, 143, '2012-01-23', 1, 7600, 5, 8000);
INSERT INTO realizations (id_wares, id_pers, date_realiz, num_realiz, sum_realiz, pc_discount, price) VALUES (620, 132, '2012-01-26', 1, 12635, 5, 13300);
INSERT INTO realizations (id_wares, id_pers, date_realiz, num_realiz, sum_realiz, pc_discount, price) VALUES (622, 136, '2012-01-25', 1, 14490, 10, 16100);
INSERT INTO realizations (id_wares, id_pers, date_realiz, num_realiz, sum_realiz, pc_discount, price) VALUES (622, 157, '2012-01-31', 2, 28980, 10, 16100);
INSERT INTO realizations (id_wares, id_pers, date_realiz, num_realiz, sum_realiz, pc_discount, price) VALUES (631, 131, '2012-02-20', 1, 5130, 10, 5700);
INSERT INTO realizations (id_wares, id_pers, date_realiz, num_realiz, sum_realiz, pc_discount, price) VALUES (631, 145, '2012-01-15', 1, 5130, 10, 5700);
INSERT INTO realizations (id_wares, id_pers, date_realiz, num_realiz, sum_realiz, pc_discount, price) VALUES (637, 124, '2012-01-31', 1, 3895, 5, 4100);
INSERT INTO realizations (id_wares, id_pers, date_realiz, num_realiz, sum_realiz, pc_discount, price) VALUES (637, 127, '2012-02-02', 1, 3895, 5, 4100);
INSERT INTO realizations (id_wares, id_pers, date_realiz, num_realiz, sum_realiz, pc_discount, price) VALUES (645, 133, '2012-01-11', 1, 13775, 5, 14500);
INSERT INTO realizations (id_wares, id_pers, date_realiz, num_realiz, sum_realiz, pc_discount, price) VALUES (645, 158, '2012-02-29', 1, 13775, 5, 14500);
INSERT INTO realizations (id_wares, id_pers, date_realiz, num_realiz, sum_realiz, pc_discount, price) VALUES (645, 134, '2012-01-05', 1, 11600, 20, 14500);
INSERT INTO realizations (id_wares, id_pers, date_realiz, num_realiz, sum_realiz, pc_discount, price) VALUES (647, 120, '2012-02-25', 1, 2340, 10, 2600);
INSERT INTO realizations (id_wares, id_pers, date_realiz, num_realiz, sum_realiz, pc_discount, price) VALUES (654, 141, '2012-01-24', 1, 14250, 5, 15000);
INSERT INTO realizations (id_wares, id_pers, date_realiz, num_realiz, sum_realiz, pc_discount, price) VALUES (658, 141, '2012-02-25', 1, 2340, 10, 2600);
INSERT INTO realizations (id_wares, id_pers, date_realiz, num_realiz, sum_realiz, pc_discount, price) VALUES (661, 124, '2012-02-17', 1, 6560, 20, 8200);
INSERT INTO realizations (id_wares, id_pers, date_realiz, num_realiz, sum_realiz, pc_discount, price) VALUES (661, 152, '2012-02-02', 2, 15580, 5, 8200);
INSERT INTO realizations (id_wares, id_pers, date_realiz, num_realiz, sum_realiz, pc_discount, price) VALUES (663, 152, '2012-01-16', 1, 7790, 5, 8200);
INSERT INTO realizations (id_wares, id_pers, date_realiz, num_realiz, sum_realiz, pc_discount, price) VALUES (664, 133, '2012-01-02', 1, 2660, 5, 2800);
INSERT INTO realizations (id_wares, id_pers, date_realiz, num_realiz, sum_realiz, pc_discount, price) VALUES (670, 126, '2012-01-03', 1, 14440, 5, 15200);
INSERT INTO realizations (id_wares, id_pers, date_realiz, num_realiz, sum_realiz, pc_discount, price) VALUES (670, 138, '2012-01-09', 1, 14440, 5, 15200);
INSERT INTO realizations (id_wares, id_pers, date_realiz, num_realiz, sum_realiz, pc_discount, price) VALUES (670, 160, '2012-02-27', 1, 14440, 5, 15200);
INSERT INTO realizations (id_wares, id_pers, date_realiz, num_realiz, sum_realiz, pc_discount, price) VALUES (671, 134, '2012-01-20', 1, 13860, 10, 15400);
INSERT INTO realizations (id_wares, id_pers, date_realiz, num_realiz, sum_realiz, pc_discount, price) VALUES (685, 145, '2012-01-14', 1, 13590, 10, 15100);
INSERT INTO realizations (id_wares, id_pers, date_realiz, num_realiz, sum_realiz, pc_discount, price) VALUES (685, 127, '2012-02-23', 1, 14345, 5, 15100);
INSERT INTO realizations (id_wares, id_pers, date_realiz, num_realiz, sum_realiz, pc_discount, price) VALUES (692, 131, '2012-01-26', 1, 6745, 5, 7100);
INSERT INTO realizations (id_wares, id_pers, date_realiz, num_realiz, sum_realiz, pc_discount, price) VALUES (703, 141, '2012-01-31', 1, 8265, 5, 8700);
INSERT INTO realizations (id_wares, id_pers, date_realiz, num_realiz, sum_realiz, pc_discount, price) VALUES (706, 126, '2012-02-19', 1, 11920, 20, 14900);
INSERT INTO realizations (id_wares, id_pers, date_realiz, num_realiz, sum_realiz, pc_discount, price) VALUES (706, 140, '2012-02-05', 1, 13410, 10, 14900);
INSERT INTO realizations (id_wares, id_pers, date_realiz, num_realiz, sum_realiz, pc_discount, price) VALUES (708, 158, '2012-02-05', 1, 11020, 5, 11600);
INSERT INTO realizations (id_wares, id_pers, date_realiz, num_realiz, sum_realiz, pc_discount, price) VALUES (710, 154, '2012-01-02', 1, 4240, 20, 5300);
INSERT INTO realizations (id_wares, id_pers, date_realiz, num_realiz, sum_realiz, pc_discount, price) VALUES (714, 152, '2012-01-12', 1, 2470, 5, 2600);
INSERT INTO realizations (id_wares, id_pers, date_realiz, num_realiz, sum_realiz, pc_discount, price) VALUES (719, 138, '2012-02-02', 1, 12600, 10, 14000);
INSERT INTO realizations (id_wares, id_pers, date_realiz, num_realiz, sum_realiz, pc_discount, price) VALUES (719, 158, '2012-01-20', 1, 13300, 5, 14000);
INSERT INTO realizations (id_wares, id_pers, date_realiz, num_realiz, sum_realiz, pc_discount, price) VALUES (719, 120, '2012-01-29', 2, 25200, 10, 14000);
INSERT INTO realizations (id_wares, id_pers, date_realiz, num_realiz, sum_realiz, pc_discount, price) VALUES (720, 127, '2012-01-02', 2, 9310, 5, 4900);
INSERT INTO realizations (id_wares, id_pers, date_realiz, num_realiz, sum_realiz, pc_discount, price) VALUES (723, 126, '2012-01-10', 1, 5035, 5, 5300);
INSERT INTO realizations (id_wares, id_pers, date_realiz, num_realiz, sum_realiz, pc_discount, price) VALUES (723, 133, '2012-01-04', 1, 4240, 20, 5300);
INSERT INTO realizations (id_wares, id_pers, date_realiz, num_realiz, sum_realiz, pc_discount, price) VALUES (723, 140, '2012-02-05', 1, 5035, 5, 5300);
INSERT INTO realizations (id_wares, id_pers, date_realiz, num_realiz, sum_realiz, pc_discount, price) VALUES (723, 124, '2012-02-14', 1, 4770, 10, 5300);
INSERT INTO realizations (id_wares, id_pers, date_realiz, num_realiz, sum_realiz, pc_discount, price) VALUES (728, 134, '2012-01-28', 1, 7505, 5, 7900);
INSERT INTO realizations (id_wares, id_pers, date_realiz, num_realiz, sum_realiz, pc_discount, price) VALUES (525, 139, '2012-02-28', 1, 8800, 20, 11000);
INSERT INTO realizations (id_wares, id_pers, date_realiz, num_realiz, sum_realiz, pc_discount, price) VALUES (526, 132, '2012-01-15', 1, 7980, 5, 8400);
INSERT INTO realizations (id_wares, id_pers, date_realiz, num_realiz, sum_realiz, pc_discount, price) VALUES (526, 153, '2012-01-10', 1, 7980, 5, 8400);
INSERT INTO realizations (id_wares, id_pers, date_realiz, num_realiz, sum_realiz, pc_discount, price) VALUES (528, 146, '2012-01-16', 1, 3610, 5, 3800);
INSERT INTO realizations (id_wares, id_pers, date_realiz, num_realiz, sum_realiz, pc_discount, price) VALUES (532, 146, '2012-01-30', 1, 9405, 5, 9900);
INSERT INTO realizations (id_wares, id_pers, date_realiz, num_realiz, sum_realiz, pc_discount, price) VALUES (532, 130, '2012-02-05', 1, 9405, 5, 9900);
INSERT INTO realizations (id_wares, id_pers, date_realiz, num_realiz, sum_realiz, pc_discount, price) VALUES (532, 121, '2012-01-14', 1, 9405, 5, 9900);
INSERT INTO realizations (id_wares, id_pers, date_realiz, num_realiz, sum_realiz, pc_discount, price) VALUES (536, 144, '2012-02-27', 1, 1980, 10, 2200);
INSERT INTO realizations (id_wares, id_pers, date_realiz, num_realiz, sum_realiz, pc_discount, price) VALUES (536, 151, '2012-01-20', 1, 2090, 5, 2200);
INSERT INTO realizations (id_wares, id_pers, date_realiz, num_realiz, sum_realiz, pc_discount, price) VALUES (547, 149, '2012-02-19', 1, 2565, 5, 2700);
INSERT INTO realizations (id_wares, id_pers, date_realiz, num_realiz, sum_realiz, pc_discount, price) VALUES (548, 144, '2012-01-26', 1, 2375, 5, 2500);
INSERT INTO realizations (id_wares, id_pers, date_realiz, num_realiz, sum_realiz, pc_discount, price) VALUES (553, 132, '2012-01-11', 1, 2850, 5, 3000);
INSERT INTO realizations (id_wares, id_pers, date_realiz, num_realiz, sum_realiz, pc_discount, price) VALUES (553, 144, '2012-01-17', 1, 2850, 5, 3000);
INSERT INTO realizations (id_wares, id_pers, date_realiz, num_realiz, sum_realiz, pc_discount, price) VALUES (560, 135, '2012-02-03', 1, 7790, 5, 8200);
INSERT INTO realizations (id_wares, id_pers, date_realiz, num_realiz, sum_realiz, pc_discount, price) VALUES (561, 153, '2012-01-29', 1, 4860, 10, 5400);
INSERT INTO realizations (id_wares, id_pers, date_realiz, num_realiz, sum_realiz, pc_discount, price) VALUES (561, 130, '2012-01-20', 1, 5130, 5, 5400);
INSERT INTO realizations (id_wares, id_pers, date_realiz, num_realiz, sum_realiz, pc_discount, price) VALUES (561, 128, '2012-01-21', 1, 5130, 5, 5400);
INSERT INTO realizations (id_wares, id_pers, date_realiz, num_realiz, sum_realiz, pc_discount, price) VALUES (567, 146, '2012-01-28', 1, 7600, 20, 9500);
INSERT INTO realizations (id_wares, id_pers, date_realiz, num_realiz, sum_realiz, pc_discount, price) VALUES (567, 149, '2012-01-31', 1, 9025, 5, 9500);
INSERT INTO realizations (id_wares, id_pers, date_realiz, num_realiz, sum_realiz, pc_discount, price) VALUES (570, 151, '2012-01-12', 1, 13205, 5, 13900);
INSERT INTO realizations (id_wares, id_pers, date_realiz, num_realiz, sum_realiz, pc_discount, price) VALUES (584, 156, '2012-02-10', 1, 8880, 20, 11100);
INSERT INTO realizations (id_wares, id_pers, date_realiz, num_realiz, sum_realiz, pc_discount, price) VALUES (593, 153, '2012-01-27', 1, 10070, 5, 10600);
INSERT INTO realizations (id_wares, id_pers, date_realiz, num_realiz, sum_realiz, pc_discount, price) VALUES (593, 123, '2012-01-19', 1, 9540, 10, 10600);
INSERT INTO realizations (id_wares, id_pers, date_realiz, num_realiz, sum_realiz, pc_discount, price) VALUES (605, 146, '2012-01-28', 1, 10165, 5, 10700);
INSERT INTO realizations (id_wares, id_pers, date_realiz, num_realiz, sum_realiz, pc_discount, price) VALUES (605, 151, '2012-02-21', 1, 10165, 5, 10700);
INSERT INTO realizations (id_wares, id_pers, date_realiz, num_realiz, sum_realiz, pc_discount, price) VALUES (609, 132, '2012-02-27', 1, 7740, 10, 8600);
INSERT INTO realizations (id_wares, id_pers, date_realiz, num_realiz, sum_realiz, pc_discount, price) VALUES (615, 123, '2012-01-19', 1, 8320, 20, 10400);
INSERT INTO realizations (id_wares, id_pers, date_realiz, num_realiz, sum_realiz, pc_discount, price) VALUES (616, 129, '2012-01-18', 1, 7600, 5, 8000);
INSERT INTO realizations (id_wares, id_pers, date_realiz, num_realiz, sum_realiz, pc_discount, price) VALUES (645, 131, '2012-02-14', 1, 13775, 5, 14500);
INSERT INTO realizations (id_wares, id_pers, date_realiz, num_realiz, sum_realiz, pc_discount, price) VALUES (647, 155, '2012-01-02', 1, 2080, 20, 2600);
INSERT INTO realizations (id_wares, id_pers, date_realiz, num_realiz, sum_realiz, pc_discount, price) VALUES (663, 147, '2012-01-21', 1, 7380, 10, 8200);
INSERT INTO realizations (id_wares, id_pers, date_realiz, num_realiz, sum_realiz, pc_discount, price) VALUES (663, 148, '2012-01-03', 1, 7790, 5, 8200);
INSERT INTO realizations (id_wares, id_pers, date_realiz, num_realiz, sum_realiz, pc_discount, price) VALUES (664, 134, '2012-02-20', 1, 2660, 5, 2800);
INSERT INTO realizations (id_wares, id_pers, date_realiz, num_realiz, sum_realiz, pc_discount, price) VALUES (664, 141, '2012-02-12', 1, 2660, 5, 2800);
INSERT INTO realizations (id_wares, id_pers, date_realiz, num_realiz, sum_realiz, pc_discount, price) VALUES (685, 147, '2012-01-10', 2, 28690, 5, 15100);
INSERT INTO realizations (id_wares, id_pers, date_realiz, num_realiz, sum_realiz, pc_discount, price) VALUES (685, 152, '2012-02-24', 1, 14345, 5, 15100);
INSERT INTO realizations (id_wares, id_pers, date_realiz, num_realiz, sum_realiz, pc_discount, price) VALUES (690, 154, '2012-02-17', 1, 7315, 5, 7700);
INSERT INTO realizations (id_wares, id_pers, date_realiz, num_realiz, sum_realiz, pc_discount, price) VALUES (704, 126, '2012-01-21', 1, 3800, 5, 4000);
INSERT INTO realizations (id_wares, id_pers, date_realiz, num_realiz, sum_realiz, pc_discount, price) VALUES (704, 148, '2012-01-05', 1, 3800, 5, 4000);
INSERT INTO realizations (id_wares, id_pers, date_realiz, num_realiz, sum_realiz, pc_discount, price) VALUES (708, 131, '2012-01-14', 1, 10440, 10, 11600);
INSERT INTO realizations (id_wares, id_pers, date_realiz, num_realiz, sum_realiz, pc_discount, price) VALUES (712, 154, '2012-02-21', 1, 2250, 10, 2500);
INSERT INTO realizations (id_wares, id_pers, date_realiz, num_realiz, sum_realiz, pc_discount, price) VALUES (715, 141, '2012-02-04', 1, 9990, 10, 11100);
INSERT INTO realizations (id_wares, id_pers, date_realiz, num_realiz, sum_realiz, pc_discount, price) VALUES (723, 158, '2012-01-31', 1, 5035, 5, 5300);
INSERT INTO realizations (id_wares, id_pers, date_realiz, num_realiz, sum_realiz, pc_discount, price) VALUES (728, 148, '2012-02-10', 1, 7505, 5, 7900);
INSERT INTO realizations (id_wares, id_pers, date_realiz, num_realiz, sum_realiz, pc_discount, price) VALUES (525, 142, '2012-01-29', 1, 10450, 5, 11000);
INSERT INTO realizations (id_wares, id_pers, date_realiz, num_realiz, sum_realiz, pc_discount, price) VALUES (525, 156, '2012-01-18', 2, 20900, 5, 11000);
INSERT INTO realizations (id_wares, id_pers, date_realiz, num_realiz, sum_realiz, pc_discount, price) VALUES (526, 128, '2012-02-25', 1, 7560, 10, 8400);
INSERT INTO realizations (id_wares, id_pers, date_realiz, num_realiz, sum_realiz, pc_discount, price) VALUES (528, 144, '2012-01-12', 2, 6080, 20, 3800);
INSERT INTO realizations (id_wares, id_pers, date_realiz, num_realiz, sum_realiz, pc_discount, price) VALUES (536, 121, '2012-02-18', 1, 2090, 5, 2200);
INSERT INTO realizations (id_wares, id_pers, date_realiz, num_realiz, sum_realiz, pc_discount, price) VALUES (547, 137, '2012-01-24', 1, 2430, 10, 2700);
INSERT INTO realizations (id_wares, id_pers, date_realiz, num_realiz, sum_realiz, pc_discount, price) VALUES (560, 146, '2012-02-14', 1, 7790, 5, 8200);
INSERT INTO realizations (id_wares, id_pers, date_realiz, num_realiz, sum_realiz, pc_discount, price) VALUES (560, 130, '2012-02-10', 2, 15580, 5, 8200);
INSERT INTO realizations (id_wares, id_pers, date_realiz, num_realiz, sum_realiz, pc_discount, price) VALUES (560, 149, '2012-02-27', 1, 7380, 10, 8200);
INSERT INTO realizations (id_wares, id_pers, date_realiz, num_realiz, sum_realiz, pc_discount, price) VALUES (567, 135, '2012-01-30', 1, 8550, 10, 9500);
INSERT INTO realizations (id_wares, id_pers, date_realiz, num_realiz, sum_realiz, pc_discount, price) VALUES (570, 121, '2012-01-22', 1, 13205, 5, 13900);
INSERT INTO realizations (id_wares, id_pers, date_realiz, num_realiz, sum_realiz, pc_discount, price) VALUES (573, 149, '2012-01-09', 1, 9405, 5, 9900);
INSERT INTO realizations (id_wares, id_pers, date_realiz, num_realiz, sum_realiz, pc_discount, price) VALUES (573, 156, '2012-02-10', 1, 8910, 10, 9900);
INSERT INTO realizations (id_wares, id_pers, date_realiz, num_realiz, sum_realiz, pc_discount, price) VALUES (587, 123, '2012-02-25', 1, 11495, 5, 12100);
INSERT INTO realizations (id_wares, id_pers, date_realiz, num_realiz, sum_realiz, pc_discount, price) VALUES (593, 137, '2012-01-31', 1, 10070, 5, 10600);
INSERT INTO realizations (id_wares, id_pers, date_realiz, num_realiz, sum_realiz, pc_discount, price) VALUES (595, 146, '2012-01-07', 1, 8265, 5, 8700);
INSERT INTO realizations (id_wares, id_pers, date_realiz, num_realiz, sum_realiz, pc_discount, price) VALUES (595, 129, '2012-01-14', 1, 7830, 10, 8700);
INSERT INTO realizations (id_wares, id_pers, date_realiz, num_realiz, sum_realiz, pc_discount, price) VALUES (595, 159, '2012-02-01', 1, 7830, 10, 8700);
INSERT INTO realizations (id_wares, id_pers, date_realiz, num_realiz, sum_realiz, pc_discount, price) VALUES (602, 123, '2012-02-17', 1, 11875, 5, 12500);
INSERT INTO realizations (id_wares, id_pers, date_realiz, num_realiz, sum_realiz, pc_discount, price) VALUES (605, 132, '2012-02-01', 1, 9630, 10, 10700);
INSERT INTO realizations (id_wares, id_pers, date_realiz, num_realiz, sum_realiz, pc_discount, price) VALUES (613, 143, '2012-01-23', 1, 15390, 5, 16200);
INSERT INTO realizations (id_wares, id_pers, date_realiz, num_realiz, sum_realiz, pc_discount, price) VALUES (613, 157, '2012-02-04', 1, 14580, 10, 16200);
INSERT INTO realizations (id_wares, id_pers, date_realiz, num_realiz, sum_realiz, pc_discount, price) VALUES (631, 127, '2012-01-16', 1, 4560, 20, 5700);
INSERT INTO realizations (id_wares, id_pers, date_realiz, num_realiz, sum_realiz, pc_discount, price) VALUES (631, 134, '2012-02-04', 1, 5130, 10, 5700);
INSERT INTO realizations (id_wares, id_pers, date_realiz, num_realiz, sum_realiz, pc_discount, price) VALUES (635, 120, '2012-01-24', 1, 4940, 5, 5200);
INSERT INTO realizations (id_wares, id_pers, date_realiz, num_realiz, sum_realiz, pc_discount, price) VALUES (661, 148, '2012-02-01', 1, 7380, 10, 8200);
INSERT INTO realizations (id_wares, id_pers, date_realiz, num_realiz, sum_realiz, pc_discount, price) VALUES (662, 138, '2012-02-29', 1, 6650, 5, 7000);
INSERT INTO realizations (id_wares, id_pers, date_realiz, num_realiz, sum_realiz, pc_discount, price) VALUES (662, 134, '2012-01-06', 1, 6300, 10, 7000);
INSERT INTO realizations (id_wares, id_pers, date_realiz, num_realiz, sum_realiz, pc_discount, price) VALUES (664, 127, '2012-01-08', 1, 2660, 5, 2800);
INSERT INTO realizations (id_wares, id_pers, date_realiz, num_realiz, sum_realiz, pc_discount, price) VALUES (664, 141, '2012-01-29', 1, 2660, 5, 2800);
INSERT INTO realizations (id_wares, id_pers, date_realiz, num_realiz, sum_realiz, pc_discount, price) VALUES (664, 148, '2012-01-18', 1, 2240, 20, 2800);
INSERT INTO realizations (id_wares, id_pers, date_realiz, num_realiz, sum_realiz, pc_discount, price) VALUES (685, 154, '2012-02-27', 1, 13590, 10, 15100);
INSERT INTO realizations (id_wares, id_pers, date_realiz, num_realiz, sum_realiz, pc_discount, price) VALUES (704, 126, '2012-01-06', 1, 3800, 5, 4000);
INSERT INTO realizations (id_wares, id_pers, date_realiz, num_realiz, sum_realiz, pc_discount, price) VALUES (712, 131, '2012-01-25', 1, 2375, 5, 2500);
INSERT INTO realizations (id_wares, id_pers, date_realiz, num_realiz, sum_realiz, pc_discount, price) VALUES (714, 126, '2012-01-24', 1, 2340, 10, 2600);
INSERT INTO realizations (id_wares, id_pers, date_realiz, num_realiz, sum_realiz, pc_discount, price) VALUES (714, 133, '2012-02-15', 1, 2340, 10, 2600);
INSERT INTO realizations (id_wares, id_pers, date_realiz, num_realiz, sum_realiz, pc_discount, price) VALUES (714, 127, '2012-02-19', 1, 2470, 5, 2600);
INSERT INTO realizations (id_wares, id_pers, date_realiz, num_realiz, sum_realiz, pc_discount, price) VALUES (720, 147, '2012-02-12', 1, 4655, 5, 4900);
INSERT INTO realizations (id_wares, id_pers, date_realiz, num_realiz, sum_realiz, pc_discount, price) VALUES (720, 120, '2012-01-24', 2, 9310, 5, 4900);
INSERT INTO realizations (id_wares, id_pers, date_realiz, num_realiz, sum_realiz, pc_discount, price) VALUES (526, 125, '2012-02-11', 1, 7560, 10, 8400);
INSERT INTO realizations (id_wares, id_pers, date_realiz, num_realiz, sum_realiz, pc_discount, price) VALUES (526, 132, '2012-02-16', 1, 7560, 10, 8400);
INSERT INTO realizations (id_wares, id_pers, date_realiz, num_realiz, sum_realiz, pc_discount, price) VALUES (528, 121, '2012-01-14', 1, 3420, 10, 3800);
INSERT INTO realizations (id_wares, id_pers, date_realiz, num_realiz, sum_realiz, pc_discount, price) VALUES (532, 132, '2012-01-19', 1, 9405, 5, 9900);
INSERT INTO realizations (id_wares, id_pers, date_realiz, num_realiz, sum_realiz, pc_discount, price) VALUES (532, 144, '2012-01-07', 1, 8910, 10, 9900);
INSERT INTO realizations (id_wares, id_pers, date_realiz, num_realiz, sum_realiz, pc_discount, price) VALUES (532, 151, '2012-01-02', 2, 18810, 5, 9900);
INSERT INTO realizations (id_wares, id_pers, date_realiz, num_realiz, sum_realiz, pc_discount, price) VALUES (536, 151, '2012-02-03', 1, 1980, 10, 2200);
INSERT INTO realizations (id_wares, id_pers, date_realiz, num_realiz, sum_realiz, pc_discount, price) VALUES (547, 139, '2012-01-17', 1, 2565, 5, 2700);
INSERT INTO realizations (id_wares, id_pers, date_realiz, num_realiz, sum_realiz, pc_discount, price) VALUES (553, 130, '2012-01-20', 1, 2700, 10, 3000);
INSERT INTO realizations (id_wares, id_pers, date_realiz, num_realiz, sum_realiz, pc_discount, price) VALUES (553, 121, '2012-01-27', 1, 2850, 5, 3000);
INSERT INTO realizations (id_wares, id_pers, date_realiz, num_realiz, sum_realiz, pc_discount, price) VALUES (560, 121, '2012-01-29', 1, 6560, 20, 8200);
INSERT INTO realizations (id_wares, id_pers, date_realiz, num_realiz, sum_realiz, pc_discount, price) VALUES (566, 128, '2012-01-13', 1, 3895, 5, 4100);
INSERT INTO realizations (id_wares, id_pers, date_realiz, num_realiz, sum_realiz, pc_discount, price) VALUES (570, 125, '2012-01-21', 1, 12510, 10, 13900);
INSERT INTO realizations (id_wares, id_pers, date_realiz, num_realiz, sum_realiz, pc_discount, price) VALUES (570, 151, '2012-02-01', 1, 13205, 5, 13900);
INSERT INTO realizations (id_wares, id_pers, date_realiz, num_realiz, sum_realiz, pc_discount, price) VALUES (593, 151, '2012-01-29', 2, 20140, 5, 10600);
INSERT INTO realizations (id_wares, id_pers, date_realiz, num_realiz, sum_realiz, pc_discount, price) VALUES (600, 130, '2012-02-29', 1, 8075, 5, 8500);
INSERT INTO realizations (id_wares, id_pers, date_realiz, num_realiz, sum_realiz, pc_discount, price) VALUES (603, 144, '2012-02-17', 1, 6270, 5, 6600);
INSERT INTO realizations (id_wares, id_pers, date_realiz, num_realiz, sum_realiz, pc_discount, price) VALUES (603, 143, '2012-02-25', 1, 5940, 10, 6600);
INSERT INTO realizations (id_wares, id_pers, date_realiz, num_realiz, sum_realiz, pc_discount, price) VALUES (605, 153, '2012-01-26', 1, 10165, 5, 10700);
INSERT INTO realizations (id_wares, id_pers, date_realiz, num_realiz, sum_realiz, pc_discount, price) VALUES (613, 151, '2012-01-15', 1, 14580, 10, 16200);
INSERT INTO realizations (id_wares, id_pers, date_realiz, num_realiz, sum_realiz, pc_discount, price) VALUES (615, 150, '2012-01-07', 1, 9880, 5, 10400);
INSERT INTO realizations (id_wares, id_pers, date_realiz, num_realiz, sum_realiz, pc_discount, price) VALUES (620, 132, '2012-02-10', 1, 12635, 5, 13300);
INSERT INTO realizations (id_wares, id_pers, date_realiz, num_realiz, sum_realiz, pc_discount, price) VALUES (647, 126, '2012-01-11', 1, 2470, 5, 2600);
INSERT INTO realizations (id_wares, id_pers, date_realiz, num_realiz, sum_realiz, pc_discount, price) VALUES (647, 133, '2012-02-28', 1, 2470, 5, 2600);
INSERT INTO realizations (id_wares, id_pers, date_realiz, num_realiz, sum_realiz, pc_discount, price) VALUES (647, 147, '2012-01-18', 1, 2080, 20, 2600);
INSERT INTO realizations (id_wares, id_pers, date_realiz, num_realiz, sum_realiz, pc_discount, price) VALUES (647, 138, '2012-01-08', 1, 2340, 10, 2600);
INSERT INTO realizations (id_wares, id_pers, date_realiz, num_realiz, sum_realiz, pc_discount, price) VALUES (654, 120, '2012-02-14', 1, 14250, 5, 15000);
INSERT INTO realizations (id_wares, id_pers, date_realiz, num_realiz, sum_realiz, pc_discount, price) VALUES (662, 147, '2012-01-27', 1, 6650, 5, 7000);
INSERT INTO realizations (id_wares, id_pers, date_realiz, num_realiz, sum_realiz, pc_discount, price) VALUES (685, 154, '2012-01-10', 2, 28690, 5, 15100);
INSERT INTO realizations (id_wares, id_pers, date_realiz, num_realiz, sum_realiz, pc_discount, price) VALUES (685, 134, '2012-02-02', 1, 14345, 5, 15100);
INSERT INTO realizations (id_wares, id_pers, date_realiz, num_realiz, sum_realiz, pc_discount, price) VALUES (708, 154, '2012-01-05', 1, 11020, 5, 11600);
INSERT INTO realizations (id_wares, id_pers, date_realiz, num_realiz, sum_realiz, pc_discount, price) VALUES (708, 124, '2012-02-23', 1, 11020, 5, 11600);
INSERT INTO realizations (id_wares, id_pers, date_realiz, num_realiz, sum_realiz, pc_discount, price) VALUES (708, 131, '2012-02-23', 1, 11020, 5, 11600);
INSERT INTO realizations (id_wares, id_pers, date_realiz, num_realiz, sum_realiz, pc_discount, price) VALUES (710, 145, '2012-01-27', 1, 4770, 10, 5300);
INSERT INTO realizations (id_wares, id_pers, date_realiz, num_realiz, sum_realiz, pc_discount, price) VALUES (710, 141, '2012-01-24', 1, 5035, 5, 5300);
INSERT INTO realizations (id_wares, id_pers, date_realiz, num_realiz, sum_realiz, pc_discount, price) VALUES (720, 140, '2012-01-04', 1, 4410, 10, 4900);
INSERT INTO realizations (id_wares, id_pers, date_realiz, num_realiz, sum_realiz, pc_discount, price) VALUES (720, 131, '2012-01-25', 1, 4655, 5, 4900);
INSERT INTO realizations (id_wares, id_pers, date_realiz, num_realiz, sum_realiz, pc_discount, price) VALUES (720, 120, '2012-01-11', 1, 4655, 5, 4900);
INSERT INTO realizations (id_wares, id_pers, date_realiz, num_realiz, sum_realiz, pc_discount, price) VALUES (721, 140, '2012-01-28', 1, 5510, 5, 5800);
INSERT INTO realizations (id_wares, id_pers, date_realiz, num_realiz, sum_realiz, pc_discount, price) VALUES (728, 131, '2012-02-18', 1, 6320, 20, 7900);
INSERT INTO realizations (id_wares, id_pers, date_realiz, num_realiz, sum_realiz, pc_discount, price) VALUES (525, 128, '2012-01-07', 1, 10450, 5, 11000);
INSERT INTO realizations (id_wares, id_pers, date_realiz, num_realiz, sum_realiz, pc_discount, price) VALUES (532, 144, '2012-01-29', 1, 8910, 10, 9900);
INSERT INTO realizations (id_wares, id_pers, date_realiz, num_realiz, sum_realiz, pc_discount, price) VALUES (547, 142, '2012-01-30', 1, 2565, 5, 2700);
INSERT INTO realizations (id_wares, id_pers, date_realiz, num_realiz, sum_realiz, pc_discount, price) VALUES (560, 151, '2012-01-05', 1, 7790, 5, 8200);
INSERT INTO realizations (id_wares, id_pers, date_realiz, num_realiz, sum_realiz, pc_discount, price) VALUES (560, 121, '2012-02-16', 1, 7790, 5, 8200);
INSERT INTO realizations (id_wares, id_pers, date_realiz, num_realiz, sum_realiz, pc_discount, price) VALUES (560, 128, '2012-01-04', 1, 7380, 10, 8200);
INSERT INTO realizations (id_wares, id_pers, date_realiz, num_realiz, sum_realiz, pc_discount, price) VALUES (560, 156, '2012-01-10', 2, 15580, 5, 8200);
INSERT INTO realizations (id_wares, id_pers, date_realiz, num_realiz, sum_realiz, pc_discount, price) VALUES (593, 151, '2012-02-24', 2, 20140, 5, 10600);
INSERT INTO realizations (id_wares, id_pers, date_realiz, num_realiz, sum_realiz, pc_discount, price) VALUES (593, 136, '2012-02-29', 1, 10070, 5, 10600);
INSERT INTO realizations (id_wares, id_pers, date_realiz, num_realiz, sum_realiz, pc_discount, price) VALUES (593, 159, '2012-02-29', 1, 10070, 5, 10600);
INSERT INTO realizations (id_wares, id_pers, date_realiz, num_realiz, sum_realiz, pc_discount, price) VALUES (600, 122, '2012-01-19', 1, 7650, 10, 8500);
INSERT INTO realizations (id_wares, id_pers, date_realiz, num_realiz, sum_realiz, pc_discount, price) VALUES (603, 153, '2012-01-25', 1, 6270, 5, 6600);
INSERT INTO realizations (id_wares, id_pers, date_realiz, num_realiz, sum_realiz, pc_discount, price) VALUES (613, 132, '2012-02-11', 1, 15390, 5, 16200);
INSERT INTO realizations (id_wares, id_pers, date_realiz, num_realiz, sum_realiz, pc_discount, price) VALUES (631, 124, '2012-02-27', 1, 5415, 5, 5700);
INSERT INTO realizations (id_wares, id_pers, date_realiz, num_realiz, sum_realiz, pc_discount, price) VALUES (654, 133, '2012-01-03', 1, 14250, 5, 15000);
INSERT INTO realizations (id_wares, id_pers, date_realiz, num_realiz, sum_realiz, pc_discount, price) VALUES (654, 124, '2012-01-04', 1, 13500, 10, 15000);
INSERT INTO realizations (id_wares, id_pers, date_realiz, num_realiz, sum_realiz, pc_discount, price) VALUES (654, 145, '2012-01-14', 1, 13500, 10, 15000);
INSERT INTO realizations (id_wares, id_pers, date_realiz, num_realiz, sum_realiz, pc_discount, price) VALUES (662, 158, '2012-01-11', 1, 6650, 5, 7000);
INSERT INTO realizations (id_wares, id_pers, date_realiz, num_realiz, sum_realiz, pc_discount, price) VALUES (685, 141, '2012-01-24', 1, 14345, 5, 15100);
INSERT INTO realizations (id_wares, id_pers, date_realiz, num_realiz, sum_realiz, pc_discount, price) VALUES (708, 147, '2012-02-15', 1, 9280, 20, 11600);
INSERT INTO realizations (id_wares, id_pers, date_realiz, num_realiz, sum_realiz, pc_discount, price) VALUES (708, 141, '2012-02-10', 1, 11020, 5, 11600);
INSERT INTO realizations (id_wares, id_pers, date_realiz, num_realiz, sum_realiz, pc_discount, price) VALUES (710, 154, '2012-02-28', 1, 5035, 5, 5300);
INSERT INTO realizations (id_wares, id_pers, date_realiz, num_realiz, sum_realiz, pc_discount, price) VALUES (710, 134, '2012-01-02', 1, 5035, 5, 5300);
INSERT INTO realizations (id_wares, id_pers, date_realiz, num_realiz, sum_realiz, pc_discount, price) VALUES (721, 160, '2012-01-14', 2, 11020, 5, 5800);
INSERT INTO realizations (id_wares, id_pers, date_realiz, num_realiz, sum_realiz, pc_discount, price) VALUES (721, 148, '2012-01-10', 1, 5510, 5, 5800);
INSERT INTO realizations (id_wares, id_pers, date_realiz, num_realiz, sum_realiz, pc_discount, price) VALUES (728, 145, '2012-02-20', 1, 7505, 5, 7900);
INSERT INTO realizations (id_wares, id_pers, date_realiz, num_realiz, sum_realiz, pc_discount, price) VALUES (528, 130, '2012-02-19', 1, 3610, 5, 3800);
INSERT INTO realizations (id_wares, id_pers, date_realiz, num_realiz, sum_realiz, pc_discount, price) VALUES (528, 144, '2012-02-20', 1, 3610, 5, 3800);
INSERT INTO realizations (id_wares, id_pers, date_realiz, num_realiz, sum_realiz, pc_discount, price) VALUES (532, 130, '2012-02-19', 1, 7920, 20, 9900);
INSERT INTO realizations (id_wares, id_pers, date_realiz, num_realiz, sum_realiz, pc_discount, price) VALUES (532, 151, '2012-01-13', 1, 7920, 20, 9900);
INSERT INTO realizations (id_wares, id_pers, date_realiz, num_realiz, sum_realiz, pc_discount, price) VALUES (532, 128, '2012-01-16', 1, 8910, 10, 9900);
INSERT INTO realizations (id_wares, id_pers, date_realiz, num_realiz, sum_realiz, pc_discount, price) VALUES (547, 156, '2012-02-03', 1, 2565, 5, 2700);
INSERT INTO realizations (id_wares, id_pers, date_realiz, num_realiz, sum_realiz, pc_discount, price) VALUES (613, 157, '2012-01-16', 1, 15390, 5, 16200);
INSERT INTO realizations (id_wares, id_pers, date_realiz, num_realiz, sum_realiz, pc_discount, price) VALUES (615, 157, '2012-02-18', 1, 9880, 5, 10400);
INSERT INTO realizations (id_wares, id_pers, date_realiz, num_realiz, sum_realiz, pc_discount, price) VALUES (615, 159, '2012-01-16', 1, 9880, 5, 10400);
INSERT INTO realizations (id_wares, id_pers, date_realiz, num_realiz, sum_realiz, pc_discount, price) VALUES (708, 126, '2012-02-06', 1, 11020, 5, 11600);
INSERT INTO realizations (id_wares, id_pers, date_realiz, num_realiz, sum_realiz, pc_discount, price) VALUES (708, 155, '2012-01-09', 1, 10440, 10, 11600);
